prop	zone	emitted	x	z	r	lot_cx	lot_cz	lot_w	lot_d	lot_ry	share_hw	share_hd	overshoot_lot_r_minus_min_whalf_dhalf	bulge_entitlement_r_minus_min_share	max_past_beyond_licence_m	worst_bare_rim_at	bare_of_48	unlicensed_of_48	licensed_of_48	on_veil_of_48	kind	centre_bare	pocket_samples	nearest_face_m	nearest_face_mesh	nearest_face_at	worst_bare_rim_face_m	worst_bare_rim_face_mesh	exposed_past_at_centre_m	probe_reach_centre	shipped_bfs_reach_centre	shipped_census_pivot_in_region	shipped_census_edge_touch
rim:border#0	rim	0	115.600	0.000	3.600												0	0	0	48	ok	0							-5.2	0	0		
rim:border#1	rim	0	115.470	5.380	3.600												0	0	0	48	ok	0							-5.2	0	1		
rim:border#2	rim	0	115.100	10.750	3.600												0	0	0	48	ok	0							-5.2	0	0		
rim:border#3	rim	0	114.470	16.090	3.600												0	0	0	48	ok	0							-5.2	0	0		
rim:border#4	rim	0	113.600	21.400	3.600												0	0	0	48	ok	0							-5.2	0	0		
rim:border#5	rim	0	112.480	26.660	3.600												0	0	0	48	ok	0							-5.2	0	0		
rim:border#6	rim	0	111.120	31.860	3.600												0	0	0	48	ok	0							-5.2	0	1		
rim:border#7	rim	0	109.520	37.000	3.600												0	0	0	48	ok	0							-5.2	0	1		
rim:border#8	rim	0	107.680	42.050	3.600												0	0	0	48	ok	0							-5.2	0	0		
rim:border#9	rim	0	105.610	47.020	3.600												0	0	0	48	ok	0							-5.2	0	0		
rim:border#10	rim	0	103.300	51.880	3.600												0	0	0	48	ok	0							-5.2	0	1		
rim:border#11	rim	0	100.780	56.630	3.600												0	0	0	48	ok	0							-5.2	0	1		
rim:border#12	rim	0	98.030	61.260	3.600												0	0	0	48	ok	0							-5.2	0	1		
rim:border#13	rim	0	95.080	65.750	3.600												0	0	0	48	ok	0							-5.2	0	1		
rim:border#14	rim	0	91.920	70.110	3.600												0	0	0	48	ok	0							-5.2	0	0		
rim:border#15	rim	0	88.550	74.310	3.600												0	0	0	48	ok	0							-5.2	0	1		
rim:border#16	rim	0	85.000	78.350	3.600												0	0	0	48	ok	0							-5.2	0	1		
rim:border#17	rim	0	81.260	82.220	3.600												0	0	0	48	ok	0							-5.2	0	1		
rim:border#18	rim	0	77.350	85.910	3.600												0	0	0	48	ok	0							-5.2	0	1		
rim:border#19	rim	0	73.270	89.410	3.600												0	0	0	48	ok	0							-5.2	0	1		
rim:border#20	rim	0	69.030	92.730	3.600												0	0	0	48	ok	0							-5.2	0	1		
rim:border#21	rim	0	64.640	95.840	3.600												0	0	0	48	ok	0							-5.2	0	1		
rim:border#22	rim	0	60.110	98.740	3.600												0	0	0	48	ok	0							-5.2	0	1		
rim:border#23	rim	0	55.450	101.430	3.600												0	0	0	48	ok	0							-5.2	0	1		
rim:border#24	rim	0	50.680	103.900	3.600												0	0	0	48	ok	0							-5.2	0	1		
rim:border#25	rim	0	45.790	106.150	3.600												0	0	0	48	ok	0							-5.2	0	0		
rim:border#26	rim	0	40.800	108.160	3.600												0	0	0	48	ok	0							-5.2	0	1		
rim:border#27	rim	0	35.720	109.940	3.600												0	0	0	48	ok	0							-5.2	0	0		
rim:border#28	rim	0	30.570	111.490	3.600												0	0	0	48	ok	0							-5.2	0	1		
rim:border#29	rim	0	25.350	112.790	3.600												0	0	0	48	ok	0							-5.2	0	1		
rim:border#30	rim	0	20.070	113.840	3.600												0	0	0	48	ok	0							-5.2	0	0		
rim:border#31	rim	0	14.760	114.650	3.600												0	0	0	48	ok	0							-5.2	0	0		
rim:border#32	rim	0	9.410	115.220	3.600												0	0	0	48	ok	0							-5.2	0	1		
rim:border#33	rim	0	4.030	115.530	3.600												0	0	0	48	ok	0							-5.2	0	1		
rim:border#34	rim	0	-1.350	115.590	3.600												0	0	0	48	ok	0							-5.2	0	0		
rim:border#35	rim	0	-6.720	115.400	3.600												0	0	0	48	ok	0							-5.2	0	1		
rim:border#36	rim	0	-12.080	114.970	3.600												0	0	0	48	ok	0							-5.2	0	0		
rim:border#37	rim	0	-17.420	114.280	3.600												0	0	0	48	ok	0							-5.2	0	0		
rim:border#38	rim	0	-22.720	113.350	3.600												0	0	0	48	ok	0							-5.2	0	1		
rim:border#39	rim	0	-27.970	112.170	3.600												0	0	0	48	ok	0							-5.2	0	0		
rim:border#40	rim	0	-33.150	110.740	3.600												0	0	0	48	ok	0							-5.2	0	1		
rim:border#41	rim	0	-38.270	109.080	3.600												0	0	0	48	ok	0							-5.2	0	1		
rim:border#42	rim	0	-43.300	107.180	3.600												0	0	0	48	ok	0							-5.2	0	1		
rim:border#43	rim	0	-48.240	105.050	3.600												0	0	0	48	ok	0							-5.2	0	1		
rim:border#44	rim	0	-53.080	102.690	3.600												0	0	0	48	ok	0							-5.2	0	1		
rim:border#45	rim	0	-57.800	100.110	3.600												0	0	0	48	ok	0							-5.2	0	1		
rim:border#46	rim	0	-62.400	97.310	3.600												0	0	0	48	ok	0							-5.2	0	1		
rim:border#47	rim	0	-66.860	94.310	3.600												0	0	0	48	ok	0							-5.2	0	0		
rim:border#48	rim	0	-71.170	91.090	3.600												0	0	0	48	ok	0							-5.2	0	1		
rim:border#49	rim	0	-75.330	87.680	3.600												0	0	0	48	ok	0							-5.2	0	0		
rim:border#50	rim	0	-79.330	84.080	3.600												0	0	0	48	ok	0							-5.2	0	1		
rim:border#51	rim	0	-83.160	80.300	3.600												0	0	0	48	ok	0							-5.2	0	1		
rim:border#52	rim	0	-86.800	76.350	3.600												0	0	0	48	ok	0							-5.2	0	0		
rim:border#53	rim	0	-90.260	72.230	3.600												0	0	0	48	ok	0							-5.2	0	1		
rim:border#54	rim	0	-93.520	67.950	3.600												0	0	0	48	ok	0							-5.2	0	1		
rim:border#55	rim	0	-96.580	63.520	3.600												0	0	0	48	ok	0							-5.2	0	1		
rim:border#56	rim	0	-99.430	58.960	3.600												0	0	0	48	ok	0							-5.2	0	0		
rim:border#57	rim	0	-102.070	54.270	3.600												0	0	0	48	ok	0							-5.2	0	0		
rim:border#58	rim	0	-104.480	49.460	3.600												0	0	0	48	ok	0							-5.2	0	1		
rim:border#59	rim	0	-106.670	44.550	3.600												0	0	0	48	ok	0							-5.2	0	0		
rim:border#60	rim	0	-108.630	39.540	3.600												0	0	0	48	ok	0							-5.2	0	0		
rim:border#61	rim	0	-110.350	34.440	3.600												0	0	0	48	ok	0							-5.2	0	1		
rim:border#62	rim	0	-111.830	29.270	3.600												0	0	0	48	ok	0							-5.2	0	0		
rim:border#63	rim	0	-113.070	24.030	3.600												0	0	0	48	ok	0							-5.2	0	0		
rim:border#64	rim	0	-114.070	18.750	3.600												0	0	0	48	ok	0							-5.2	0	0		
rim:border#65	rim	0	-114.820	13.420	3.600												0	0	0	48	ok	0							-5.2	0	0		
rim:border#66	rim	0	-115.320	8.060	3.600												0	0	0	48	ok	0							-5.2	0	0		
rim:border#67	rim	0	-115.570	2.690	3.600												0	0	0	48	ok	0							-5.2	0	0		
rim:border#68	rim	0	-115.570	-2.690	3.600												0	0	0	48	ok	0							-5.2	0	0		
rim:border#69	rim	0	-115.320	-8.060	3.600												0	0	0	48	ok	0							-5.2	0	0		
rim:border#70	rim	0	-114.820	-13.420	3.600												0	0	0	48	ok	0							-5.2	0	0		
rim:border#71	rim	0	-114.070	-18.750	3.600												0	0	0	48	ok	0							-5.2	0	1		
rim:border#72	rim	0	-113.070	-24.030	3.600												0	0	0	48	ok	0							-5.2	0	0		
rim:border#73	rim	0	-111.830	-29.270	3.600												0	0	0	48	ok	0							-5.2	0	1		
rim:border#74	rim	0	-110.350	-34.440	3.600												0	0	0	48	ok	0							-5.2	0	1		
rim:border#75	rim	0	-108.630	-39.540	3.600												0	0	0	48	ok	0							-5.2	0	0		
rim:border#76	rim	0	-106.670	-44.550	3.600												0	0	0	48	ok	0							-5.2	0	0		
rim:border#77	rim	0	-104.480	-49.460	3.600												0	0	0	48	ok	0							-5.2	0	0		
rim:border#78	rim	0	-102.070	-54.270	3.600												0	0	0	48	ok	0							-5.2	0	1		
rim:border#79	rim	0	-99.430	-58.960	3.600												0	0	0	48	ok	0							-5.2	0	1		
rim:border#80	rim	0	-96.580	-63.520	3.600												0	0	0	48	ok	0							-5.2	0	0		
rim:border#81	rim	0	-93.520	-67.950	3.600												0	0	0	48	ok	0							-5.2	0	1		
rim:border#82	rim	0	-90.260	-72.230	3.600												0	0	0	48	ok	0							-5.2	0	1		
rim:border#83	rim	0	-86.800	-76.350	3.600												0	0	0	48	ok	0							-5.2	0	1		
rim:border#84	rim	0	-83.160	-80.300	3.600												0	0	0	48	ok	0							-5.2	0	1		
rim:border#85	rim	0	-79.330	-84.080	3.600												0	0	0	48	ok	0							-5.2	0	1		
rim:border#86	rim	0	-75.330	-87.680	3.600												0	0	0	48	ok	0							-5.2	0	1		
rim:border#87	rim	0	-71.170	-91.090	3.600												0	0	0	48	ok	0							-5.2	0	1		
rim:border#88	rim	0	-66.860	-94.310	3.600												0	0	0	48	ok	0							-5.2	0	1		
rim:border#89	rim	0	-62.400	-97.310	3.600												0	0	0	48	ok	0							-5.2	0	1		
rim:border#90	rim	0	-57.800	-100.110	3.600												0	0	0	48	ok	0							-5.2	0	1		
rim:border#91	rim	0	-53.080	-102.690	3.600												0	0	0	48	ok	0							-5.2	0	0		
rim:border#92	rim	0	-48.240	-105.050	3.600												0	0	0	48	ok	0							-5.2	0	1		
rim:border#93	rim	0	-43.300	-107.180	3.600												0	0	0	48	ok	0							-5.2	0	1		
rim:border#94	rim	0	-38.270	-109.080	3.600												0	0	0	48	ok	0							-5.2	0	1		
rim:border#95	rim	0	-33.150	-110.740	3.600												0	0	0	48	ok	0							-5.2	0	0		
rim:border#96	rim	0	-27.970	-112.170	3.600												0	0	0	48	ok	0							-5.2	0	1		
rim:border#97	rim	0	-22.720	-113.350	3.600												0	0	0	48	ok	0							-5.2	0	0		
rim:border#98	rim	0	-17.420	-114.280	3.600												0	0	0	48	ok	0							-5.2	0	1		
rim:border#99	rim	0	-12.080	-114.970	3.600												0	0	0	48	ok	0							-5.2	0	0		
rim:border#100	rim	0	-6.720	-115.400	3.600												0	0	0	48	ok	0							-5.2	0	0		
rim:border#101	rim	0	-1.350	-115.590	3.600												0	0	0	48	ok	0							-5.2	0	0		
rim:border#102	rim	0	4.030	-115.530	3.600												0	0	0	48	ok	0							-5.2	0	0		
rim:border#103	rim	0	9.410	-115.220	3.600												0	0	0	48	ok	0							-5.2	0	0		
rim:border#104	rim	0	14.760	-114.650	3.600												0	0	0	48	ok	0							-5.2	0	0		
rim:border#105	rim	0	20.070	-113.840	3.600												0	0	0	48	ok	0							-5.2	0	1		
rim:border#106	rim	0	25.350	-112.790	3.600												0	0	0	48	ok	0							-5.2	0	0		
rim:border#107	rim	0	30.570	-111.490	3.600												0	0	0	48	ok	0							-5.2	0	1		
rim:border#108	rim	0	35.720	-109.940	3.600												0	0	0	48	ok	0							-5.2	0	1		
rim:border#109	rim	0	40.800	-108.160	3.600												0	0	0	48	ok	0							-5.2	0	1		
rim:border#110	rim	0	45.790	-106.150	3.600												0	0	0	48	ok	0							-5.2	0	1		
rim:border#111	rim	0	50.680	-103.900	3.600												0	0	0	48	ok	0							-5.2	0	1		
rim:border#112	rim	0	55.450	-101.430	3.600												0	0	0	48	ok	0							-5.2	0	1		
rim:border#113	rim	0	60.110	-98.740	3.600												0	0	0	48	ok	0							-5.2	0	0		
rim:border#114	rim	0	64.640	-95.840	3.600												0	0	0	48	ok	0							-5.2	0	1		
rim:border#115	rim	0	69.030	-92.730	3.600												0	0	0	48	ok	0							-5.2	0	1		
rim:border#116	rim	0	73.270	-89.410	3.600												0	0	0	48	ok	0							-5.2	0	1		
rim:border#117	rim	0	77.350	-85.910	3.600												0	0	0	48	ok	0							-5.2	0	1		
rim:border#118	rim	0	81.260	-82.220	3.600												0	0	0	48	ok	0							-5.2	0	1		
rim:border#119	rim	0	85.000	-78.350	3.600												0	0	0	48	ok	0							-5.2	0	1		
rim:border#120	rim	0	88.550	-74.310	3.600												0	0	0	48	ok	0							-5.2	0	1		
rim:border#121	rim	0	91.920	-70.110	3.600												0	0	0	48	ok	0							-5.2	0	1		
rim:border#122	rim	0	95.080	-65.750	3.600												0	0	0	48	ok	0							-5.2	0	1		
rim:border#123	rim	0	98.030	-61.260	3.600												0	0	0	48	ok	0							-5.2	0	0		
rim:border#124	rim	0	100.780	-56.630	3.600												0	0	0	48	ok	0							-5.2	0	1		
rim:border#125	rim	0	103.300	-51.880	3.600												0	0	0	48	ok	0							-5.2	0	1		
rim:border#126	rim	0	105.610	-47.020	3.600												0	0	0	48	ok	0							-5.2	0	0		
rim:border#127	rim	0	107.680	-42.050	3.600												0	0	0	48	ok	0							-5.2	0	0		
rim:border#128	rim	0	109.520	-37.000	3.600												0	0	0	48	ok	0							-5.2	0	1		
rim:border#129	rim	0	111.120	-31.860	3.600												0	0	0	48	ok	0							-5.2	0	1		
rim:border#130	rim	0	112.480	-26.660	3.600												0	0	0	48	ok	0							-5.2	0	0		
rim:border#131	rim	0	113.600	-21.400	3.600												0	0	0	48	ok	0							-5.2	0	0		
rim:border#132	rim	0	114.470	-16.090	3.600												0	0	0	48	ok	0							-5.2	0	0		
rim:border#133	rim	0	115.100	-10.750	3.600												0	0	0	48	ok	0							-5.2	0	1		
rim:border#134	rim	0	115.470	-5.380	3.600												0	0	0	48	ok	0							-5.2	0	1		
hub:spaceport-gate#0	hub	0	-9.175	-13.500	2.097	-8.1	-13.5	4.3	3.6	0.0000	1.075	1.8	0.297	1.022	0	-11.27,-13.5	5	0	5	0	ok	0							-3.697	0	1		
hub:spaceport-gate#0	hub	0	-7.025	-13.500	2.097	-8.1	-13.5	4.3	3.6	0.0000	1.075	1.8	0.297	1.022			0	0	0	0	ok	0							-3.697	0	1		
hub:spaceport-gate#1	hub	0	7.025	-13.500	2.097	8.1	-13.5	4.3	3.6	0.0000	1.075	1.8	0.297	1.022			0	0	0	0	ok	0							-3.697	0	1		
hub:spaceport-gate#1	hub	0	9.175	-13.500	2.097	8.1	-13.5	4.3	3.6	0.0000	1.075	1.8	0.297	1.022	0	11.27,-13.5	7	0	7	0	ok	0							-3.697	0	1		
hub:spaceport-gate#0	hub	0	-5.200	-20.486	0.573	-5.2	-16.68	0.36	8.7	0.0000	0.18	0.544	0.393	0.393			0	0	0	0	ok	0							-4.015	0	1		
hub:spaceport-gate#0	hub	0	-5.200	-19.399	0.573	-5.2	-16.68	0.36	8.7	0.0000	0.18	0.544	0.393	0.393			0	0	0	0	ok	0							-3.741	0	1		
hub:spaceport-gate#0	hub	0	-5.200	-18.311	0.573	-5.2	-16.68	0.36	8.7	0.0000	0.18	0.544	0.393	0.393			0	0	0	0	ok	0							-3.309	0	1		
hub:spaceport-gate#0	hub	0	-5.200	-17.224	0.573	-5.2	-16.68	0.36	8.7	0.0000	0.18	0.544	0.393	0.393			0	0	0	0	ok	0							-2.747	0	1		
hub:spaceport-gate#0	hub	0	-5.200	-16.136	0.573	-5.2	-16.68	0.36	8.7	0.0000	0.18	0.544	0.393	0.393			0	0	0	0	ok	0							-2.173	0	1		
hub:spaceport-gate#0	hub	0	-5.200	-15.049	0.573	-5.2	-16.68	0.36	8.7	0.0000	0.18	0.544	0.393	0.393			0	0	0	0	ok	0							-2.173	0	1		
hub:spaceport-gate#0	hub	0	-5.200	-13.961	0.573	-5.2	-16.68	0.36	8.7	0.0000	0.18	0.544	0.393	0.393			0	0	0	0	ok	0							-2.173	0	1		
hub:spaceport-gate#0	hub	0	-5.200	-12.874	0.573	-5.2	-16.68	0.36	8.7	0.0000	0.18	0.544	0.393	0.393			0	0	0	0	ok	0							-2.173	0	1		
hub:spaceport-gate#1	hub	0	5.200	-20.486	0.573	5.2	-16.68	0.36	8.7	0.0000	0.18	0.544	0.393	0.393			0	0	0	0	ok	0							-2.173	0	1		
hub:spaceport-gate#1	hub	0	5.200	-19.399	0.573	5.2	-16.68	0.36	8.7	0.0000	0.18	0.544	0.393	0.393			0	0	0	0	ok	0							-2.173	0	1		
hub:spaceport-gate#1	hub	0	5.200	-18.311	0.573	5.2	-16.68	0.36	8.7	0.0000	0.18	0.544	0.393	0.393			0	0	0	0	ok	0							-2.173	0	1		
hub:spaceport-gate#1	hub	0	5.200	-17.224	0.573	5.2	-16.68	0.36	8.7	0.0000	0.18	0.544	0.393	0.393			0	0	0	0	ok	0							-2.173	0	1		
hub:spaceport-gate#1	hub	0	5.200	-16.136	0.573	5.2	-16.68	0.36	8.7	0.0000	0.18	0.544	0.393	0.393			0	0	0	0	ok	0							-2.173	0	1		
hub:spaceport-gate#1	hub	0	5.200	-15.049	0.573	5.2	-16.68	0.36	8.7	0.0000	0.18	0.544	0.393	0.393			0	0	0	0	ok	0							-2.173	0	1		
hub:spaceport-gate#1	hub	0	5.200	-13.961	0.573	5.2	-16.68	0.36	8.7	0.0000	0.18	0.544	0.393	0.393			0	0	0	0	ok	0							-2.173	0	1		
hub:spaceport-gate#1	hub	0	5.200	-12.874	0.573	5.2	-16.68	0.36	8.7	0.0000	0.18	0.544	0.393	0.393			0	0	0	0	ok	0							-2.173	0	1		
hub:flagmast	hub	0	5.530	4.000	0.368	5.53	4	0.55	0.49	0.0000	0.275	0.245	0.123	0.123			0	0	0	0	ok	0							-1.968	0	1		
hub:ring-45	hub	0	10.317	12.341	2.862	11.328658504105997	11.328658504105995	5.72	4.96	0.7854	1.431	2.479	0.383	1.431	0	8.29,14.36	24	0	24	0	ok	0							-4.462	0	1		
hub:ring-45	hub	0	12.341	10.317	2.862	11.328658504105997	11.328658504105995	5.72	4.96	0.7854	1.431	2.479	0.383	1.431	0	14.36,8.29	24	0	24	0	ok	0							-4.462	0	1		
hub:ring-90	hub	0	0.000	19.635	2.712	1.102636092177725e-15	18.007413940826424	4.34	6.51	3.1416	2.17	1.627	0.542	1.085	0	0,22.35	5	0	5	0	ok	0							-4.313	0	1		
hub:ring-90	hub	0	0.000	16.380	2.712	1.102636092177725e-15	18.007413940826424	4.34	6.51	3.1416	2.17	1.627	0.542	1.085	0	0,13.67	7	0	7	0	ok	0							-4.313	0	1		
hub:ring-gantry-180#0	hub	0	-15.848	5.890	1.149	-18.135315747861405	5.890000000000002	1.72	6.1	4.7124	0.86	0.762	0.289	0.387			0	0	0	0	ok	0							-2.749	0	1		
hub:ring-gantry-180#0	hub	0	-17.373	5.890	1.149	-18.135315747861405	5.890000000000002	1.72	6.1	4.7124	0.86	0.762	0.289	0.387	-0.107	-17.52,7.03	5	0	5	0	ok	0							-2.749	0	1		
hub:ring-gantry-180#0	hub	0	-18.898	5.890	1.149	-18.135315747861405	5.890000000000002	1.72	6.1	4.7124	0.86	0.762	0.289	0.387	-0.098	-18.9,7.04	6	0	6	0	ok	0							-2.749	0	1		
hub:ring-gantry-180#0	hub	0	-20.423	5.890	1.149	-18.135315747861405	5.890000000000002	1.72	6.1	4.7124	0.86	0.762	0.289	0.387			0	0	0	0	ok	0							-2.749	0	1		
hub:ring-gantry-180#1	hub	0	-15.848	-5.890	1.149	-18.135315747861405	-5.889999999999997	1.72	6.1	4.7124	0.86	0.762	0.289	0.387			0	0	0	0	ok	0							-2.749	0	1		
hub:ring-gantry-180#1	hub	0	-17.373	-5.890	1.149	-18.135315747861405	-5.889999999999997	1.72	6.1	4.7124	0.86	0.762	0.289	0.387	-0.107	-17.52,-7.03	5	0	5	0	ok	0							-3.199	0	1		
hub:ring-gantry-180#1	hub	0	-18.898	-5.890	1.149	-18.135315747861405	-5.889999999999997	1.72	6.1	4.7124	0.86	0.762	0.289	0.387	-0.098	-18.9,-7.04	6	0	6	0	ok	0							-3.714	0	1		
hub:ring-gantry-180#1	hub	0	-20.423	-5.890	1.149	-18.135315747861405	-5.889999999999997	1.72	6.1	4.7124	0.86	0.762	0.289	0.387			0	0	0	0	ok	0							-3.905	0	1		
hub:ring-315	hub	0	16.899	-17.920	1.203	17.409816944470666	-17.409816944470673	2.89	1.93	5.4978	0.722	0.963	0.241	0.481			0	0	0	0	ok	0							-2.803	0	1		
hub:ring-315	hub	0	17.920	-16.899	1.203	17.409816944470666	-17.409816944470673	2.89	1.93	5.4978	0.722	0.963	0.241	0.481	-0.251	17.19,-15.94	1	0	1	0	ok	0							-2.803	0	1		
hub:ring-0	hub	0	17.100	0.000	1.980	17.1	0	2.8	2.8	1.5708	1.4	1.4	0.58	0.58			0	0	0	0	ok	0							-3.58	0	1		
hub:works-generator	hub	0	-19.075	20.523	1.878	-19.798989873223327	19.798989873223334	3.15	4.09	3.9270	1.575	1.024	0.303	0.855	0	-17.75,21.85	14	0	14	0	ok	0							-3.478	0	1		
hub:works-generator	hub	0	-20.523	19.075	1.878	-19.798989873223327	19.798989873223334	3.15	4.09	3.9270	1.575	1.024	0.303	0.855	0	-21.85,17.75	9	0	9	0	ok	0							-3.478	0	1		
hub:lamp-ring-1	hub	0	2.365	6.704	0.535	2.365477465806823	6.704107501503221	0.75	0.76	1.2186	0.375	0.381	0.16	0.16			0	0	0	0	ok	0							-2.135	0	1		
hub:lamp-ring-3	hub	0	-6.827	0.672	0.535	-6.827066172265621	0.672168627877492	0.75	0.76	3.0473	0.375	0.381	0.16	0.16			0	0	0	0	ok	0							-2.135	0	1		
hub:gate-lamp--1	hub	0	-10.500	-19.369	0.492	-10.500104398431777	-19.36890004156764	0.69	0.7	1.5700	0.345	0.351	0.147	0.147			0	0	0	0	ok	0							-7.981	0	0		
hub:gate-lamp-1	hub	0	10.500	-19.631	0.492	10.499895601568223	-19.63109995843236	0.69	0.7	-1.5700	0.345	0.351	0.147	0.147			0	0	0	0	ok	0							-2.092	0	1		
hub:barrel-east	hub	0	7.000	-5.000	0.463	7	-5	0.7	0.61	1.2000	0.35	0.303	0.16	0.16			0	0	0	0	ok	0							-2.063	0	1		
launch:feeder-stand	launch	0	-42.000	-53.000	1.980	-42	-53	2.8	2.8	0.4000	1.4	1.4	0.58	0.58			0	0	0	0	ok	0							-3.58	0	1		
launch:starship	launch	0	-60.000	-60.000	4.520												0	0	0	0	ok	0							-6.12	0	1		
launch:chopstick-tower	launch	0	-75.797	-60.168	1.934	-71.572	-60.168	10.14	3.48	0.0000	0.845	1.74	0.194	1.089	0	-77.73,-60.17	24	0	24	0	ok	0							-3.534	0	1		
launch:chopstick-tower	launch	0	-74.107	-60.168	1.934	-71.572	-60.168	10.14	3.48	0.0000	0.845	1.74	0.194	1.089			0	0	0	0	ok	0							-3.534	0	1		
launch:chopstick-tower	launch	0	-72.417	-60.168	1.934	-71.572	-60.168	10.14	3.48	0.0000	0.845	1.74	0.194	1.089	-2.577	-70.5,-60.42	2	0	2	0	ok	0							-3.534	0	1		
launch:chopstick-tower	launch	0	-70.727	-60.168	1.934	-71.572	-60.168	10.14	3.48	0.0000	0.845	1.74	0.194	1.089			0	0	0	0	ok	0							-3.534	0	1		
launch:chopstick-tower	launch	0	-69.037	-60.168	1.934	-71.572	-60.168	10.14	3.48	0.0000	0.845	1.74	0.194	1.089			0	0	0	0	ok	0							-3.534	0	1		
launch:chopstick-tower	launch	0	-67.347	-60.168	1.934	-71.572	-60.168	10.14	3.48	0.0000	0.845	1.74	0.194	1.089	0	-65.41,-60.17	14	0	14	0	ok	0							-3.534	0	1		
launch:cargo-booster	launch	0	-75.600	-48.600	4.384	-75.6	-48.6	6.2	6.2	0.0000	3.1	3.1	1.284	1.284	0	-71.22,-48.6	48	0	48	0	ok	0							-5.984	0	1		
launch:lox-stand	launch	0	-54.000	-72.000	1.732	-54	-72	2.45	2.45	0.0000	1.225	1.225	0.507	0.507			0	0	0	0	ok	0							-3.332	0	1		
launch:lox-stand#1	launch	0	-54.710	-70.580	0.240	-54.71	-70.58	0.34	0.34	0.0000	0.17	0.17	0.07	0.07			0	0	0	0	ok	0							-1.84	0	1		
launch:lox-stand#2	launch	0	-55.420	-69.170	0.240	-55.42	-69.17	0.34	0.34	0.0000	0.17	0.17	0.07	0.07			0	0	0	0	ok	0							-1.84	1	1		
launch:lox-stand#3	launch	0	-56.550	-66.900	0.813	-56.55	-66.9	1.15	1.15	0.0000	0.575	0.575	0.238	0.238			0	0	0	0	ok	0							-2.413	0	1		
launch:lox-drums	launch	0	-60.804	-70.039	0.725	-60.38264177530648	-70.26911108127625	1.92	1.08	0.5000	0.481	0.542	0.182	0.244			0	0	0	0	ok	0							-2.325	0	1		
launch:lox-drums	launch	0	-59.961	-70.500	0.725	-60.38264177530648	-70.26911108127625	1.92	1.08	0.5000	0.481	0.542	0.182	0.244			0	0	0	0	ok	0							-2.325	0	1		
launch:pad-diesel	launch	0	-68.377	-69.871	0.731	-68	-70	1.22	1.59	1.9000	0.612	0.398	0.118	0.332			0	0	0	0	ok	0							-2.331	0	1		
launch:pad-diesel	launch	0	-67.623	-70.129	0.731	-68	-70	1.22	1.59	1.9000	0.612	0.398	0.118	0.332			0	0	0	0	ok	0							-2.331	0	1		
launch:cargo-umbilical#0	launch	0	-51.226	-49.076	1.149	-50.0470747573431	-51.036303080028425	1.72	6.1	2.6000	0.86	0.762	0.289	0.387			0	0	0	0	ok	0							-2.749	0	1		
launch:cargo-umbilical#0	launch	0	-50.440	-50.383	1.149	-50.0470747573431	-51.036303080028425	1.72	6.1	2.6000	0.86	0.762	0.289	0.387	-0.105	-51.35,-51.08	7	0	7	0	ok	0							-2.749	0	1		
launch:cargo-umbilical#0	launch	0	-49.654	-51.690	1.149	-50.0470747573431	-51.036303080028425	1.72	6.1	2.6000	0.86	0.762	0.289	0.387	-0.142	-50.76,-51.99	5	0	5	0	ok	0							-2.749	0	1		
launch:cargo-umbilical#0	launch	0	-48.868	-52.996	1.149	-50.0470747573431	-51.036303080028425	1.72	6.1	2.6000	0.86	0.762	0.289	0.387			0	0	0	0	ok	0							-2.749	0	1		
launch:cargo-umbilical#1	launch	0	-41.132	-43.004	1.149	-39.9529252426569	-44.963696919971575	1.72	6.1	2.6000	0.86	0.762	0.289	0.387			0	0	0	0	ok	0							-2.749	0	1		
launch:cargo-umbilical#1	launch	0	-40.346	-44.310	1.149	-39.9529252426569	-44.963696919971575	1.72	6.1	2.6000	0.86	0.762	0.289	0.387	-0.262	-39.2,-44.31	3	0	3	0	ok	0							-2.749	0	1		
launch:cargo-umbilical#1	launch	0	-39.560	-45.617	1.149	-39.9529252426569	-44.963696919971575	1.72	6.1	2.6000	0.86	0.762	0.289	0.387	-0.105	-38.65,-44.92	6	0	6	0	ok	0							-2.749	0	1		
launch:cargo-umbilical#1	launch	0	-38.774	-46.924	1.149	-39.9529252426569	-44.963696919971575	1.72	6.1	2.6000	0.86	0.762	0.289	0.387			0	0	0	0	ok	0							-2.749	0	1		
launch:pad-drums	launch	0	-48.000	-41.000	0.552	-48	-41	0.96	0.54	0.7000	0.481	0.271	0.281	0.281			0	0	0	0	ok	0							-2.152	0	1		
habitat:hab-module	habitat	0	-62.167	52.000	1.654	-60	52	2.5	6.5	1.5708	1.25	1.083	0.404	0.571			0	0	0	0	ok	0							-4.485	0	0		
habitat:hab-module	habitat	0	-60.000	52.000	1.654	-60	52	2.5	6.5	1.5708	1.25	1.083	0.404	0.571			0	0	0	0	ok	0							-3.254	0	0		
habitat:hab-module	habitat	0	-57.833	52.000	1.654	-60	52	2.5	6.5	1.5708	1.25	1.083	0.404	0.571			0	0	0	0	ok	0							-4.629	0	0		
habitat:hab-module	habitat	0	-72.988	52.000	6.880	-69.575	52	13.65	11.95	0.0000	3.413	5.973	0.906	3.466	0	-79.87,52	24	0	24	0	ok	0							-8.48	0	0		
habitat:hab-module	habitat	0	-66.162	52.000	6.880	-69.575	52	13.65	11.95	0.0000	3.413	5.973	0.906	3.466	-0.524	-59.81,54.63	23	0	23	0	ok	0							-8.48	0	0		
habitat:hab-module	habitat	0	-48.846	52.000	5.856	-51.926	52	9.96	12.32	-1.5708	4.981	3.08	0.875	2.776	0	-42.99,52	28	0	28	0	ok	0							-7.456	0	0		
habitat:hab-module	habitat	0	-55.006	52.000	5.856	-51.926	52	9.96	12.32	-1.5708	4.981	3.08	0.875	2.776	-0.446	-60.42,54.24	22	0	22	0	ok	0							-7.456	0	0		
habitat:hab-domeB	habitat	0	-46.500	76.520	4.791	-46.5	74	8.15	10.08	3.1416	4.075	2.52	0.716	2.271	0	-46.5,81.31	27	0	27	0	ok	0							-6.391	0	0		
habitat:hab-domeB	habitat	0	-46.500	71.480	4.791	-46.5	74	8.15	10.08	3.1416	4.075	2.52	0.716	2.271	0	-46.5,66.69	26	0	26	0	ok	0							-6.391	0	1		
habitat:hab-drum	habitat	0	-70.516	72.404	7.442	-66.79504363380194	72.40372929753165	14.88	12.89	0.0000	3.721	6.445	0.997	3.721	0	-77.96,72.4	40	0	40	0	ok	0							-9.042	0	0		
habitat:hab-drum	habitat	0	-63.074	72.404	7.442	-66.79504363380194	72.40372929753165	14.88	12.89	0.0000	3.721	6.445	0.997	3.721	0	-55.63,72.4	40	0	40	0	ok	0							-9.042	0	0		
industry:fab-hall	industry	0	53.685	65.137	1.531	54	66	2.45	3.67	0.3500	1.225	0.919	0.306	0.612			0	0	0	0	ok	0							-3.131	0	1		
industry:fab-hall	industry	0	54.315	66.863	1.531	54	66	2.45	3.67	0.3500	1.225	0.919	0.306	0.612			0	0	0	0	ok	0							-3.131	0	1		
industry:genset-a	industry	0	54.651	48.762	2.505	55.8	49.5	4.2	5.46	1.0000	2.1	1.365	0.405	1.14	-0.003	52.48,47.51	17	0	17	0	ok	0							-4.105	0	1		
industry:genset-a	industry	0	56.949	50.238	2.505	55.8	49.5	4.2	5.46	1.0000	2.1	1.365	0.405	1.14	-0.003	59.12,51.49	19	0	19	0	ok	0							-4.105	0	1		
industry:genset-b	industry	0	72.735	67.442	1.546	72	67	3.43	2.57	2.6000	0.857	1.286	0.26	0.688	0	74.07,68.21	11	0	11	0	ok	0							-3.146	0	1		
industry:genset-b	industry	0	71.265	66.558	1.546	72	67	3.43	2.57	2.6000	0.857	1.286	0.26	0.688			0	0	0	0	ok	0							-3.146	0	1		
industry:yard-mast	industry	0	45.551	74.565	1.203	46	74	2.89	1.93	0.9000	0.722	0.963	0.241	0.481			0	0	0	0	ok	0							-2.803	0	1		
industry:yard-mast	industry	0	46.449	73.435	1.203	46	74	2.89	1.93	0.9000	0.722	0.963	0.241	0.481			0	0	0	0	ok	0							-2.803	0	1		
industry:fab-substation#0	industry	0	62.544	70.593	0.988	64.29764579346912	71.4856782383448	1.48	5.25	1.1000	0.74	0.656	0.249	0.333			0	0	0	0	ok	0							-2.588	0	1		
industry:fab-substation#0	industry	0	63.713	71.188	0.988	64.29764579346912	71.4856782383448	1.48	5.25	1.1000	0.74	0.656	0.249	0.333	-0.244	64.57,70.69	3	0	3	0	ok	0							-2.588	0	1		
industry:fab-substation#0	industry	0	64.882	71.783	0.988	64.29764579346912	71.4856782383448	1.48	5.25	1.1000	0.74	0.656	0.249	0.333	-0.191	64.88,70.79	4	0	4	0	ok	0							-2.588	0	1		
industry:fab-substation#0	industry	0	66.051	72.378	0.988	64.29764579346912	71.4856782383448	1.48	5.25	1.1000	0.74	0.656	0.249	0.333			0	0	0	0	ok	0							-2.588	0	1		
industry:fab-substation#1	industry	0	57.949	79.622	0.988	59.702354206530885	80.5143217616552	1.48	5.25	1.1000	0.74	0.656	0.249	0.333			0	0	0	0	ok	0							-2.588	0	1		
industry:fab-substation#1	industry	0	59.118	80.217	0.988	59.702354206530885	80.5143217616552	1.48	5.25	1.1000	0.74	0.656	0.249	0.333	-0.337	59.37,81.17	2	0	2	0	ok	0							-2.588	0	1		
industry:fab-substation#1	industry	0	60.287	80.812	0.988	59.702354206530885	80.5143217616552	1.48	5.25	1.1000	0.74	0.656	0.249	0.333	-0.244	59.43,81.31	3	0	3	0	ok	0							-2.588	0	1		
industry:fab-substation#1	industry	0	61.456	81.407	0.988	59.702354206530885	80.5143217616552	1.48	5.25	1.1000	0.74	0.656	0.249	0.333			0	0	0	0	ok	0							-2.588	0	1		
industry:cryo-farm	industry	0	75.840	46.634	2.793	77	46	5.29	4.92	0.5000	1.322	2.461	0.333	1.471	-0.001	73.42,48.03	19	0	19	0	ok	0							-4.393	0	1		
industry:cryo-farm	industry	0	78.160	45.366	2.793	77	46	5.29	4.92	0.5000	1.322	2.461	0.333	1.471	-0.001	80.58,43.97	28	0	28	0	ok	0							-4.393	0	1		
industry:cryo-farm	industry	0	76.906	53.819	2.793	77	52.5	5.29	4.92	1.5000	1.322	2.461	0.333	1.471	-0.683	74.93,55.79	5	0	5	0	ok	0							-4.393	0	0		
industry:cryo-farm	industry	0	77.094	51.181	2.793	77	52.5	5.29	4.92	1.5000	1.322	2.461	0.333	1.471	-0.462	78.79,48.96	11	0	11	0	ok	0							-4.393	0	0		
industry:cryo-farm	industry	0	78.059	59.791	2.793	77	59	5.29	4.92	2.5000	1.322	2.461	0.333	1.471	0	80.28,61.49	17	0	17	0	ok	0							-4.393	0	1		
industry:cryo-farm	industry	0	75.941	58.209	2.793	77	59	5.29	4.92	2.5000	1.322	2.461	0.333	1.471	0	73.72,56.51	19	0	19	0	ok	0							-4.393	0	1		
industry:cryo-farm#0	industry	0	74.162	52.500	1.346	73.375	52.5	2.18	3.15	-1.5708	1.091	0.787	0.254	0.558			0	0	0	0	ok	0							-2.946	0	1		
industry:cryo-farm#0	industry	0	72.588	52.500	1.346	73.375	52.5	2.18	3.15	-1.5708	1.091	0.787	0.254	0.558			0	0	0	0	ok	0							-2.946	0	1		
industry:cryo-farm#1	industry	0	70.912	52.500	1.346	70.125	52.5	2.18	3.15	-1.5708	1.091	0.787	0.254	0.558			0	0	0	0	ok	0							-2.946	0	1		
industry:cryo-farm#1	industry	0	69.338	52.500	1.346	70.125	52.5	2.18	3.15	-1.5708	1.091	0.787	0.254	0.558			0	0	0	0	ok	0							-2.946	0	1		
industry:drum-crate	industry	0	47.220	66.481	0.797	47	66	2.11	1.19	2.0000	0.529	0.597	0.201	0.268			0	0	0	0	ok	0							-2.397	0	1		
industry:drum-crate	industry	0	46.780	65.519	0.797	47	66	2.11	1.19	2.0000	0.529	0.597	0.201	0.268			0	0	0	0	ok	0							-2.397	0	1		
industry:work-rover	industry	0	58.702	63.070	0.608	59	63	1.05	1.22	1.8000	0.525	0.306	0.083	0.302			0	0	0	0	ok	0							-2.208	0	1		
industry:work-rover	industry	0	59.298	62.930	0.608	59	63	1.05	1.22	1.8000	0.525	0.306	0.083	0.302			0	0	0	0	ok	0							-2.208	0	1		
leak:valve-housing	leak	0	86.917	50.483	0.883	87	50	1.96	1.47	1.4000	0.49	0.735	0.148	0.393			0	0	0	0	ok	0							-2.483	0	1		
leak:valve-housing	leak	0	87.083	49.517	0.883	87	50	1.96	1.47	1.4000	0.49	0.735	0.148	0.393			0	0	0	0	ok	0							-2.483	0	1		
leak:bog-line#0	leak	0	82.502	42.263	1.495	83.375	42.199999999999996	2.42	3.5	1.6434	1.212	0.875	0.283	0.62			0	0	0	0	ok	0							-3.095	0	1		
leak:bog-line#0	leak	0	84.248	42.137	1.495	83.375	42.199999999999996	2.42	3.5	1.6434	1.212	0.875	0.283	0.62			0	0	0	0	ok	0							-3.095	0	1		
leak:bog-line#1	leak	0	85.252	42.063	1.495	86.125	42	2.42	3.5	1.6434	1.212	0.875	0.283	0.62			0	0	0	0	ok	0							-3.095	0	1		
leak:bog-line#1	leak	0	86.998	41.937	1.495	86.125	42	2.42	3.5	1.6434	1.212	0.875	0.283	0.62			0	0	0	0	ok	0							-3.095	0	1		
leak:leak-board#0	leak	0	91.758	39.114	0.438	91.75797187638521	39.11366549927704	0.62	0.62	6.2832	0.31	0.31	0.128	0.128			0	0	0	0	ok	0							-2.038	1	1		
leak:leak-board#1	leak	0	92.478	39.114	0.438	92.47797187638521	39.11366549927704	0.62	0.62	6.2832	0.31	0.31	0.128	0.128			0	0	0	0	ok	0							-2.038	0	1		
leak:leak-board#2	leak	0	93.198	39.114	0.438	93.19797187638521	39.11366549927704	0.62	0.62	6.2832	0.31	0.31	0.128	0.128			0	0	0	0	ok	0							-2.038	1	1		
comms:main-ear	comms	0	59.000	-61.000	2.772	59	-61	3.92	3.92	0.1500	1.96	1.96	0.812	0.812	-0.001	58.64,-63.75	12	0	12	0	ok	0							-4.372	0	1		
comms:dish-b	comms	0	69.814	-68.523	0.986	70	-69	2.05	1.69	1.2000	0.512	0.843	0.143	0.474			0	0	0	0	ok	0							-2.586	0	1		
comms:dish-b	comms	0	70.186	-69.477	0.986	70	-69	2.05	1.69	1.2000	0.512	0.843	0.143	0.474			0	0	0	0	ok	0							-2.586	0	1		
comms:dish-c	comms	0	62.409	-46.899	0.812	62	-47	1.69	1.39	2.9000	0.422	0.694	0.118	0.39			0	0	0	0	ok	0							-2.412	0	1		
comms:dish-c	comms	0	61.591	-47.101	0.812	62	-47	1.69	1.39	2.9000	0.422	0.694	0.118	0.39			0	0	0	0	ok	0							-2.412	0	1		
comms:dish-d	comms	0	45.465	-64.721	1.044	45	-65	2.17	1.78	2.6000	0.542	0.892	0.152	0.502			0	0	0	0	ok	0							-2.644	0	1		
comms:dish-d	comms	0	44.535	-65.279	1.044	45	-65	2.17	1.78	2.6000	0.542	0.892	0.152	0.502			0	0	0	0	ok	0							-2.644	0	1		
comms:array-mast	comms	0	47.366	-55.654	1.203	48	-56	2.89	1.93	0.5000	0.722	0.963	0.241	0.481			0	0	0	0	ok	0							-2.803	0	1		
comms:array-mast	comms	0	48.634	-56.346	1.203	48	-56	2.89	1.93	0.5000	0.722	0.963	0.241	0.481			0	0	0	0	ok	0							-2.803	0	1		
comms:array-feed#0	comms	0	78.458	-67.708	0.896	79.85580051622908	-66.59876048821059	1.34	4.76	0.9000	0.671	0.595	0.226	0.302			0	0	0	0	ok	0							-2.496	0	1		
comms:array-feed#0	comms	0	79.390	-66.968	0.896	79.85580051622908	-66.59876048821059	1.34	4.76	0.9000	0.671	0.595	0.226	0.302	-0.253	80.26,-67.2	2	0	2	0	ok	0							-2.496	0	1		
comms:array-feed#0	comms	0	80.322	-66.229	0.896	79.85580051622908	-66.59876048821059	1.34	4.76	0.9000	0.671	0.595	0.226	0.302	-0.086	80.77,-67.01	5	0	5	0	ok	0							-2.496	0	1		
comms:array-feed#0	comms	0	81.253	-65.490	0.896	79.85580051622908	-66.59876048821059	1.34	4.76	0.9000	0.671	0.595	0.226	0.302			0	0	0	0	ok	0							-2.496	0	1		
comms:array-feed#1	comms	0	72.747	-60.510	0.896	74.14419948377092	-59.40123951178941	1.34	4.76	0.9000	0.671	0.595	0.226	0.302			0	0	0	0	ok	0							-2.496	0	1		
comms:array-feed#1	comms	0	73.678	-59.771	0.896	74.14419948377092	-59.40123951178941	1.34	4.76	0.9000	0.671	0.595	0.226	0.302	-0.349	73.8,-58.88	2	0	2	0	ok	0							-2.496	0	1		
comms:array-feed#1	comms	0	74.610	-59.032	0.896	74.14419948377092	-59.40123951178941	1.34	4.76	0.9000	0.671	0.595	0.226	0.302	-0.082	73.98,-58.4	4	0	4	0	ok	0							-2.496	0	1		
comms:array-feed#1	comms	0	75.542	-58.292	0.896	74.14419948377092	-59.40123951178941	1.34	4.76	0.9000	0.671	0.595	0.226	0.302			0	0	0	0	ok	0							-2.496	0	1		
comms:listening-post	comms	0	48.000	-46.000	4.455	48	-46	6.3	6.3	2.4000	3.15	3.15	1.305	1.305	-0.004	51.15,-42.85	30	0	30	0	ok	0							-6.055	0	1		
science:anomaly-07	science	0	-3.371	57.000	2.962	-2	57	5.48	5.25	0.0000	1.371	2.625	0.336	1.591	0	-6.33,57	29	0	29	0	ok	0							-4.562	0	1		
science:anomaly-07	science	0	-0.629	57.000	2.962	-2	57	5.48	5.25	0.0000	1.371	2.625	0.336	1.591	0	2.33,57	22	0	22	0	ok	0							-4.562	0	1		
science:shard-74	science	0	7.533	64.150	1.196	7	64	2.21	2.12	28.0000	0.554	1.06	0.136	0.642	0	8.69,64.46	12	0	12	0	ok	0							-2.796	0	1		
science:shard-74	science	0	6.467	63.850	1.196	7	64	2.21	2.12	28.0000	0.554	1.06	0.136	0.642	-0.256	5.36,64.31	5	0	5	0	ok	0							-2.796	0	1		
science:shard--95	science	0	-9.222	64.641	0.911	-9	65	1.69	1.62	-45.0000	0.422	0.808	0.103	0.489	0	-9.68,63.85	14	0	14	0	ok	0							-2.511	0	1		
science:shard--95	science	0	-8.778	65.359	0.911	-9	65	1.69	1.62	-45.0000	0.422	0.808	0.103	0.489			0	0	0	0	ok	0							-2.511	0	1		
science:shard-39	science	0	3.095	69.313	0.706	3	69	1.31	1.25	27.0000	0.327	0.626	0.08	0.379	-0.01	3.19,70.01	3	0	3	0	ok	0							-2.306	0	1		
science:shard-39	science	0	2.905	68.687	0.706	3	69	1.31	1.25	27.0000	0.327	0.626	0.08	0.379	-0.01	2.81,67.99	3	0	3	0	ok	0							-2.306	0	1		
science:shard--5-9	science	0	-5.727	49.982	1.025	-5.477316556106052	49.577970146140714	1.9	1.82	45.0000	0.475	0.909	0.116	0.551	0	-6.24,50.87	22	0	22	0	ok	0							-2.625	0	1		
science:shard--5-9	science	0	-5.228	49.174	1.025	-5.477316556106052	49.577970146140714	1.9	1.82	45.0000	0.475	0.909	0.116	0.551	-0.013	-4.84,48.23	9	0	9	0	ok	0							-2.625	0	1		
science:field-speeder	science	0	-13.287	57.889	1.977	-12.468560123522963	58.30550149524711	3.5	3.68	1.1000	1.75	0.919	0.227	1.058	-0.006	-15.11,57.13	27	0	27	0	ok	0							-3.577	0	1		
science:field-speeder	science	0	-11.650	58.722	1.977	-12.468560123522963	58.30550149524711	3.5	3.68	1.1000	1.75	0.919	0.227	1.058	-0.033	-10.08,59.93	3	0	3	0	ok	0							-3.577	0	1		
motor:rover-bay#0	motor	0	-2.704	-70.619	1.057	-0.5999999999999996	-70.61880000000001	1.58	5.61	1.5708	0.791	0.702	0.266	0.356			0	0	0	0	ok	0							-2.657	0	1		
motor:rover-bay#0	motor	0	-1.301	-70.619	1.057	-0.5999999999999996	-70.61880000000001	1.58	5.61	1.5708	0.791	0.702	0.266	0.356			0	0	0	0	ok	0							-2.657	0	1		
motor:rover-bay#0	motor	0	0.102	-70.619	1.057	-0.5999999999999996	-70.61880000000001	1.58	5.61	1.5708	0.791	0.702	0.266	0.356	-0.17	-0.3,-71.6	2	0	2	0	ok	0							-2.657	0	1		
motor:rover-bay#0	motor	0	1.505	-70.619	1.057	-0.5999999999999996	-70.61880000000001	1.58	5.61	1.5708	0.791	0.702	0.266	0.356			0	0	0	0	ok	0							-2.657	0	1		
motor:rover-bay#1	motor	0	-2.705	-59.781	1.057	-0.6000000000000003	-59.781200000000005	1.58	5.61	1.5708	0.791	0.702	0.266	0.356			0	0	0	0	ok	0							-2.657	0	1		
motor:rover-bay#1	motor	0	-1.302	-59.781	1.057	-0.6000000000000003	-59.781200000000005	1.58	5.61	1.5708	0.791	0.702	0.266	0.356			0	0	0	0	ok	0							-2.657	0	1		
motor:rover-bay#1	motor	0	0.101	-59.781	1.057	-0.6000000000000003	-59.781200000000005	1.58	5.61	1.5708	0.791	0.702	0.266	0.356	-0.099	-0.04,-58.73	1	0	1	0	ok	0							-2.657	0	1		
motor:rover-bay#1	motor	0	1.504	-59.781	1.057	-0.6000000000000003	-59.781200000000005	1.58	5.61	1.5708	0.791	0.702	0.266	0.356			0	0	0	0	ok	0							-2.657	0	1		
motor:crew-rover	motor	0	-6.691	-53.304	1.593	-6.690502846888451	-54.32936681252923	4.1	2.44	1.5708	1.025	1.22	0.373	0.568			0	0	0	0	ok	0							-3.193	0	1		
motor:crew-rover	motor	0	-6.691	-55.354	1.593	-6.690502846888451	-54.32936681252923	4.1	2.44	1.5708	1.025	1.22	0.373	0.568			0	0	0	0	ok	0							-3.193	0	1		
motor:optimus-01	motor	0	-4.214	-64.350	0.438	-4.213684096739844	-64.3495274021599	0.62	0.62	0.0000	0.31	0.31	0.128	0.128			0	0	0	0	ok	0							-2.038	1	1		
motor:optimus-02	motor	0	5.980	-57.488	0.438	5.9799318272612645	-57.48794589507948	0.62	0.62	0.0000	0.31	0.31	0.128	0.128			0	0	0	0	ok	0							-2.038	0	1		
motor:charge-mast	motor	0	6.166	-62.770	1.258	6.920924667192904	-62.76985630351827	3.02	2.01	0.0000	0.755	1.006	0.252	0.503			0	0	0	0	ok	0							-2.858	0	1		
motor:charge-mast	motor	0	7.676	-62.770	1.258	6.920924667192904	-62.76985630351827	3.02	2.01	0.0000	0.755	1.006	0.252	0.503			0	0	0	0	ok	0							-2.858	0	1		
motor:pit-desk	motor	0	6.693	-49.851	0.748	7.451455428175834	-50.36972273936429	2.76	1.18	0.6000	0.459	0.591	0.158	0.289			0	0	0	0	ok	0							-2.348	0	1		
motor:pit-desk	motor	0	7.451	-50.370	0.748	7.451455428175834	-50.36972273936429	2.76	1.18	0.6000	0.459	0.591	0.158	0.289			0	0	0	0	ok	0							-2.348	0	1		
motor:pit-desk	motor	0	8.210	-50.888	0.748	7.451455428175834	-50.36972273936429	2.76	1.18	0.6000	0.459	0.591	0.158	0.289			0	0	0	0	ok	0							-2.348	0	1		
motor:lubricant-drums	motor	0	10.333	-55.886	0.927	10.556391436443164	-56.45892634546879	2.46	1.39	1.2000	0.615	0.694	0.233	0.312			0	0	0	0	ok	0							-2.527	0	1		
motor:lubricant-drums	motor	0	10.779	-57.032	0.927	10.556391436443164	-56.45892634546879	2.46	1.39	1.2000	0.615	0.694	0.233	0.312			0	0	0	0	ok	0							-2.527	0	1		
motor:utility-speeder	motor	0	-11.079	-62.051	1.779	-10.341601103223121	-61.676325851250205	3.15	3.31	1.1000	1.575	0.827	0.204	0.952	-0.039	-12.8,-62.51	26	0	26	0	ok	0							-3.379	0	1		
motor:utility-speeder	motor	0	-9.605	-61.301	1.779	-10.341601103223121	-61.676325851250205	3.15	3.31	1.1000	1.575	0.827	0.204	0.952	-0.002	-8.06,-60.41	8	0	8	0	ok	0							-3.379	0	1		
watch:watch-deck	watch	0	-11.513	-21.592	8.823	-16	-17	17.12	17.12	-2.3447	2.14	8.56	0.263	6.683	-0.001	-5.27,-27.83	31	0	31	0	ok	0							-10.423	0	0		
watch:watch-deck	watch	0	-14.504	-18.531	8.823	-16	-17	17.12	17.12	-2.3447	2.14	8.56	0.263	6.683	-4.281	-8.27,-24.77	18	0	18	0	ok	0							-10.423	0	0		
watch:watch-deck	watch	0	-17.496	-15.469	8.823	-16	-17	17.12	17.12	-2.3447	2.14	8.56	0.263	6.683	-4.281	-23.73,-9.23	20	0	20	0	ok	0							-10.423	0	0		
watch:watch-deck	watch	0	-20.487	-12.408	8.823	-16	-17	17.12	17.12	-2.3447	2.14	8.56	0.263	6.683	-0.001	-26.73,-6.17	31	0	31	0	ok	0							-10.423	0	0		
night:dome	night	0	64.056	-3.747	3.727	66	-4	6.34	7.84	1.7000	3.17	1.96	0.557	1.767	0	60.36,-3.26	23	0	23	0	ok	0							-5.327	0	1		
night:dome	night	0	67.944	-4.253	3.727	66	-4	6.34	7.84	1.7000	3.17	1.96	0.557	1.767	0	71.64,-4.74	23	0	23	0	ok	0							-5.327	0	1		
night:telescope	night	0	53.000	-6.000	0.707	53	-6	1	1	0.0000	0.5	0.5	0.207	0.207			0	0	0	0	ok	0							-2.307	0	1		
night:lantern-0	night	0	51.629	7.868	0.556	51.62925401991889	7.867930219695917	0.78	0.79	2.4000	0.39	0.397	0.166	0.166			0	0	0	0	ok	0							-2.156	0	1		
night:lantern-1	night	0	48.926	2.560	0.556	48.92576686238907	2.560083471920607	0.78	0.79	2.9200	0.39	0.397	0.166	0.166			0	0	0	0	ok	0							-2.156	0	1		
night:lantern-4	night	0	57.386	-11.335	0.556	57.3856470779654	-11.33508454040347	0.78	0.79	4.4800	0.39	0.397	0.166	0.166			0	0	0	0	ok	0							-2.156	0	1		
night:lantern-5	night	0	62.261	-11.453	0.556	62.26115212227832	-11.453403921594397	0.78	0.79	5.0000	0.39	0.397	0.166	0.166			0	0	0	0	ok	0							-2.156	0	1		
storm:dawn7	storm	0	-60.000	0.000	7.071	-60	0	10	10	0.0000	5	5	2.071	2.071	0	-52.93,0	43	0	43	0	ok	0							-8.671	0	0		
storm:rescue-speeder	storm	0	-69.941	8.336	2.174	-69.14940679803834	8.963775914112423	3.85	4.04	0.9000	1.925	1.011	0.249	1.164	-0.024	-71.82,7.25	29	0	29	0	ok	0							-3.774	0	1		
storm:rescue-speeder	storm	0	-68.358	9.592	2.174	-69.14940679803834	8.963775914112423	3.85	4.04	0.9000	1.925	1.011	0.249	1.164	0	-66.63,10.92	10	0	10	0	ok	0							-3.774	0	1		
storm:roadster	storm	0	99.071	-6.617	1.461	100	-8	2.4	5	2.5500	1.2	0.833	0.261	0.628			0	0	0	0	ok	0							-3.061	0	1		
storm:roadster	storm	0	100.000	-8.000	1.461	100	-8	2.4	5	2.5500	1.2	0.833	0.261	0.628			0	0	0	0	ok	0							-3.061	0	1		
storm:roadster	storm	0	100.929	-9.383	1.461	100	-8	2.4	5	2.5500	1.2	0.833	0.261	0.628			0	0	0	0	ok	0							-3.061	0	1		
grid:grid-rig	grid	0	-11.149	16.435	1.838	-11.148762015129154	16.434954935153463	2.6	2.6	0.0000	1.3	1.3	0.538	0.538	0	-9.31,16.43	21	0	21	0	ok	0							-3.438	0	1		
grid:grid-rig	grid	0	-63.734	-41.984	1.838	-63.733609127075866	-41.984475569171856	2.6	2.6	0.0000	1.3	1.3	0.538	0.538	0	-61.9,-41.98	22	0	22	0	ok	0							-3.438	0	1		
grid:grid-rig	grid	0	-53.863	63.682	1.838	-53.86327696311996	63.681773151662185	2.6	2.6	0.0000	1.3	1.3	0.538	0.538	0	-52.02,63.68	24	0	24	0	ok	0							-3.438	0	1		
grid:grid-rig	grid	0	49.835	85.752	1.838	49.83457880036678	85.75249508328052	2.6	2.6	0.0000	1.3	1.3	0.538	0.538	0	51.67,85.75	22	0	22	0	ok	0							-3.438	0	1		
grid:grid-rig	grid	0	52.936	-75.556	1.838	52.93581159419466	-75.55596674633905	2.6	2.6	0.0000	1.3	1.3	0.538	0.538	0	54.77,-75.56	33	0	33	0	ok	0							-3.438	0	1		
grid:grid-rig	grid	0	8.087	79.415	1.838	8.087346406220675	79.41512485968018	2.6	2.6	0.0000	1.3	1.3	0.538	0.538	0	8.09,81.25	20	0	20	0	ok	0							-3.438	0	1		
grid:grid-rig	grid	0	-1.693	-44.384	1.838	-1.6934675706073055	-44.3836972467805	2.6	2.6	0.0000	1.3	1.3	0.538	0.538	0	-1.69,-42.55	28	0	28	0	ok	0							-3.438	0	1		
rim:rim-board0#0	rim	0	101.680	33.327	0.438	101.68004975953205	33.32695426976617	0.62	0.62	1.2608	0.31	0.31	0.128	0.128			0	0	0	0	ok	0							-2.038	0	1		
rim:rim-board0#1	rim	0	101.900	32.641	0.438	101.89969197777133	32.64127409944845	0.62	0.62	1.2608	0.31	0.31	0.128	0.128			0	0	0	0	ok	0							-2.038	0	1		
rim:rim-board0#2	rim	0	102.119	31.956	0.438	102.1193341960106	31.95559392913074	0.62	0.62	1.2608	0.31	0.31	0.128	0.128			0	0	0	0	ok	0							-2.038	1	1		
rim:rim-board1#0	rim	0	-95.464	48.333	0.438	-95.46436805679632	48.33293733590508	0.62	0.62	-1.0954	0.31	0.31	0.128	0.128			0	0	0	0	ok	0							-2.038	1	1		
rim:rim-board1#1	rim	0	-95.135	48.973	0.438	-95.13482946059136	48.97309693601373	0.62	0.62	-1.0954	0.31	0.31	0.128	0.128			0	0	0	0	ok	0							-2.038	1	1		
rim:rim-board1#2	rim	0	-94.805	49.613	0.438	-94.80529086438641	49.613256536122385	0.62	0.62	-1.0954	0.31	0.31	0.128	0.128			0	0	0	0	ok	0							-2.038	1	1		
rim:rim-board2#0	rim	0	33.327	-101.680	0.438	33.32695426976611	-101.68004975953208	0.62	0.62	2.8316	0.31	0.31	0.128	0.128			0	0	0	0	ok	0							-2.038	0	1		
rim:rim-board2#1	rim	0	32.641	-101.900	0.438	32.641274099448395	-101.89969197777135	0.62	0.62	2.8316	0.31	0.31	0.128	0.128			0	0	0	0	ok	0							-2.038	0	1		
rim:rim-board2#2	rim	0	31.956	-102.119	0.438	31.955593929130682	-102.11933419601063	0.62	0.62	2.8316	0.31	0.31	0.128	0.128			0	0	0	0	ok	0							-2.038	1	1		
rim:rim-board3#0	rim	0	95.464	-48.333	0.438	95.4643680567963	-48.33293733590513	0.62	0.62	2.0462	0.31	0.31	0.128	0.128			0	0	0	0	ok	0							-2.038	1	1		
rim:rim-board3#1	rim	0	95.135	-48.973	0.438	95.13482946059135	-48.97309693601378	0.62	0.62	2.0462	0.31	0.31	0.128	0.128			0	0	0	0	ok	0							-2.038	1	1		
rim:rim-board3#2	rim	0	94.805	-49.613	0.438	94.8052908643864	-49.613256536122435	0.62	0.62	2.0462	0.31	0.31	0.128	0.128			0	0	0	0	ok	0							-2.038	1	1		
hub:pad0#0	hub	1	-3.910	8.650	0.430	-3.91	8.65	0.86	0.36	2.3561	0.43	0.18	0.25	0.25			0	0	0	0	ok	0							-2.03	1	1		
hub:pad0#1	hub	1	-9.390	8.450	0.130	-9.39	8.45	0.26	0.26	0.1794	0.13	0.13	0	0			0	0	0	0	ok	0							-1.73	1	1		
hub:pad0#2	hub	1	-6.770	12.980	0.130	-6.77	12.98	0.26	0.26	-2.2738	0.13	0.13	0	0			0	0	0	0	ok	0							-1.73	1	1		
hub:ring-gantry-180#0	hub	1	-16.010	-4.530	0.080	-16.01	-4.53	0.16	0	-1.2490	0.08	0	0.08	0.08			0	0	0	0	ok	0							-1.68	1	1		
hub:ring-gantry-180#1	hub	1	-20.520	4.530	0.080	-20.52	4.53	0.16	0	1.8925	0.08	0	0.08	0.08			0	0	0	0	ok	0							-1.68	1	1		
hub:ring-gantry-180#2	hub	1	-19.810	4.530	0.080	-19.81	4.53	0.06	0.16	0.0415	0.03	0.08	0.05	0.05			0	0	0	0	ok	0							-1.68	1	1		
hub:ring-gantry-180#3	hub	1	-16.360	4.450	0.380	-16.36	4.45	0.76	0.34	0.0415	0.38	0.17	0.21	0.21			0	0	0	0	ok	0							-1.98	1	1		
hub:barrel@-0.9,-2.6#0	hub	1	-0.900	-2.600	0.310	-0.9	-2.6	0.62	0.62	-2.4081	0.31	0.31	0	0			0	0	0	0	ok	0							-1.91	1	1		
hub:astronaut@0.2,0.1#0	hub	1	0.290	0.210	0.350	0.29	0.21	0.58	0.66	-2.5556	0.29	0.33	0.06	0.06			0	0	0	0	ok	0							-1.95	1	1		
hub:astronaut@0.2,0.1#1	hub	1	0.260	-0.020	0.240	0.26	-0.02	0.48	0.38	0.0126	0.24	0.19	0.05	0.05			0	0	0	0	ok	0							-1.84	1	1		
hub:astronaut@0.2,0.1#2	hub	1	-0.020	0.190	0.120	-0.02	0.19	0.24	0.18	1.5003	0.12	0.09	0.03	0.03			0	0	0	0	ok	0							-1.72	1	1		
launch:cargo-umbilical#0	launch	1	-40.260	-47.100	0.080	-40.26	-47.1	0.16	0	2.9218	0.08	0	0.08	0.08			0	0	0	0	ok	0							-1.68	1	1		
launch:cargo-umbilical#1	launch	1	-39.890	-47.710	0.080	-39.89	-47.71	0.16	0	-0.8633	0.08	0	0.08	0.08			0	0	0	0	ok	0							-1.68	1	1		
launch:cargo-umbilical#2	launch	1	-42.100	-44.190	0.380	-42.1	-44.19	0.76	0.32	1.0292	0.38	0.16	0.22	0.22			0	0	0	0	ok	0							-1.98	0	1		
launch:cargo-umbilical#3	launch	1	-47.770	-52.030	0.380	-47.77	-52.03	0.76	0.32	-2.1124	0.38	0.16	0.22	0.22			0	0	0	0	ok	0							-1.98	1	1		
launch:cargo-umbilical#4	launch	1	-49.730	-48.780	0.380	-49.73	-48.78	0.76	0.32	1.0292	0.38	0.16	0.22	0.22			0	0	0	0	ok	0							-1.98	1	1		
launch:cargo-umbilical#5	launch	1	-50.030	-48.570	0.050	-50.03	-48.57	0	0	0.0000	0	0	0.05	0.05			0	0	0	0	ok	0							-1.65	1	1		
launch:pad1#0	launch	1	-53.690	-44.350	0.110	-53.69	-44.35	0.22	0.22	-1.7502	0.11	0.11	0	0			0	0	0	0	ok	0							-1.71	1	1		
launch:pad1#1	launch	1	-58.310	-44.350	0.110	-58.31	-44.35	0.22	0.22	2.0944	0.11	0.11	0	0			0	0	0	0	ok	0							-1.71	1	1		
launch:pad1#2	launch	1	-56.000	-40.360	0.110	-56	-40.36	0.22	0.22	2.0944	0.11	0.11	0	0			0	0	0	0	ok	0							-1.71	1	1		
habitat:pad2#0	habitat	1	-40.350	60.320	0.110	-40.35	60.32	0.2	0.2	-0.0103	0.1	0.1	0.01	0.01			0	0	0	0	ok	0							-1.71	1	1		
habitat:pad2#1	habitat	1	-44.750	60.320	0.110	-44.75	60.32	0.2	0.2	-0.0103	0.1	0.1	0.01	0.01			0	0	0	0	ok	0							-1.71	1	1		
habitat:pad2#2	habitat	1	-42.550	64.140	0.110	-42.55	64.14	0.16	0.16	-0.0103	0.08	0.08	0.03	0.03			0	0	0	0	ok	0							-1.71	1	1		
industry:fab-substation#0	industry	1	61.760	80.320	0.280	61.76	80.32	0.56	0	2.6708	0.28	0	0.28	0.28			0	0	0	0	ok	0							-1.88	1	1		
industry:fab-substation#1	industry	1	58.840	78.840	0.280	58.84	78.84	0.56	0	-0.4708	0.28	0	0.28	0.28			0	0	0	0	ok	0							-1.88	1	1		
industry:fab-substation#2	industry	1	65.350	73.260	0.280	65.35	73.26	0.56	0	-0.4708	0.28	0	0.28	0.28			0	0	0	0	ok	0							-1.88	1	1		
industry:fab-substation#3	industry	1	62.440	71.780	0.280	62.44	71.78	0.56	0	-0.4708	0.28	0	0.28	0.28			0	0	0	0	ok	0							-1.88	1	1		
industry:pad3#0	industry	1	56.300	77.940	0.110	56.3	77.94	0.22	0.22	1.3914	0.11	0.11	0	0			0	0	0	0	ok	0							-1.71	1	1		
industry:pad3#1	industry	1	51.900	77.940	0.110	51.9	77.94	0.22	0.22	0.1794	0.11	0.11	0	0			0	0	0	0	ok	0							-1.71	1	1		
industry:pad3#2	industry	1	54.100	81.750	0.110	54.1	81.75	0.22	0.22	-2.2738	0.11	0.11	0	0			0	0	0	0	ok	0							-1.71	1	1		
leak:pipe_corner@90.5,41.5#0	leak	1	89.570	40.970	0.580	89.57	40.97	1.06	0.72	-1.4873	0.53	0.36	0.22	0.22			0	0	0	0	ok	0							-2.18	0	1		
leak:pipe_corner@90.5,41.5#1	leak	1	90.480	42.860	0.700	90.48	42.86	0.98	1.04	-1.9650	0.49	0.52	0.21	0.21			0	0	0	0	ok	0							-2.3	0	1		
leak:pipe_corner@90.5,41.5#2	leak	1	90.980	42.600	0.440	90.98	42.6	0.8	0.82	-1.9650	0.4	0.41	0.04	0.04			0	0	0	0	ok	0							-2.04	0	1		
leak:pipe_corner@90.5,41.5#3	leak	1	91.640	41.860	0.780	91.64	41.86	1.34	1.2	-1.9650	0.67	0.6	0.18	0.18			0	0	0	0	ok	0							-2.38	0	1		
leak:pipe_corner@90.5,41.5#4	leak	1	91.380	40.890	0.580	91.38	40.89	0.8	0.9	-1.9650	0.4	0.45	0.18	0.18			0	0	0	0	ok	0							-2.18	0	1		
leak:kit:mast@89.5,51.5#0	leak	1	89.500	51.500	0.050	89.5	51.5	0.1	0.1	-2.2369	0.05	0.05	0	0			0	0	0	0	ok	0							-1.65	1	1		
comms:platform_high@60.0,-60.0#0	comms	1	58.450	-57.780	0.380	58.45	-57.78	0.64	0.76	3.0198	0.32	0.38	0.06	0.06			0	0	0	0	ok	0							-1.98	1	1		
comms:platform_high@60.0,-60.0#1	comms	1	59.840	-57.970	0.280	59.84	-57.97	0.18	0.54	3.0198	0.09	0.27	0.19	0.19			0	0	0	0	ok	0							-1.88	0	1		
comms:platform_high@60.0,-60.0#2	comms	1	61.740	-58.450	0.860	61.74	-58.45	1.46	1.46	0.9854	0.73	0.73	0.13	0.13			0	0	0	0	ok	0							-2.46	0	1		
comms:platform_low@54.0,-52.0#0	comms	1	54.230	-49.680	0.710	54.23	-49.68	1.42	0.94	-0.2734	0.71	0.47	0.24	0.24			0	0	0	0	ok	0							-2.31	0	1		
comms:platform_low@54.0,-52.0#1	comms	1	54.370	-50.870	0.820	54.37	-50.87	1.6	1.18	1.9491	0.8	0.59	0.23	0.23			0	0	0	0	ok	0							-2.42	0	1		
comms:platform_low@54.0,-52.0#2	comms	1	52.360	-50.950	0.700	52.36	-50.95	1.18	1.38	1.9491	0.59	0.69	0.11	0.11			0	0	0	0	ok	0							-2.3	0	1		
comms:platform_low@54.0,-52.0#3	comms	1	51.770	-51.330	0.380	51.77	-51.33	0.52	0.72	1.9491	0.26	0.36	0.12	0.12			0	0	0	0	ok	0							-1.98	0	1		
comms:platform_low@54.0,-52.0#4	comms	1	52.470	-52.700	0.760	52.47	-52.7	1.46	1.3	1.9491	0.73	0.65	0.11	0.11			0	0	0	0	ok	0							-2.36	0	1		
comms:platform_low@54.0,-52.0#5	comms	1	53.300	-54.170	0.410	53.3	-54.17	0.8	0.44	1.9491	0.4	0.22	0.19	0.19			0	0	0	0	ok	0							-2.01	1	1		
comms:platform_low@54.0,-52.0#6	comms	1	54.700	-53.530	0.650	54.7	-53.53	1.3	1.1	1.9491	0.65	0.55	0.1	0.1			0	0	0	0	ok	0							-2.25	0	1		
comms:platform_low@54.0,-52.0#7	comms	1	56.170	-52.700	0.410	56.17	-52.7	0.54	0.82	1.6248	0.27	0.41	0.14	0.14			0	0	0	0	ok	0							-2.01	1	1		
comms:platform_low@54.0,-52.0#8	comms	1	55.450	-53.620	0.050	55.45	-53.62	0	0	1.6248	0	0	0.05	0.05			0	0	0	0	ok	0							-1.65	1	1		
comms:platform_low@54.0,-52.0#9	comms	1	55.470	-51.180	0.760	55.47	-51.18	1.26	1.36	1.6248	0.63	0.68	0.13	0.13			0	0	0	0	ok	0							-2.36	0	1		
comms:array-feed#0	comms	1	76.000	-59.200	0.260	76	-59.2	0.52	0	-0.6708	0.26	0	0.26	0.26			0	0	0	0	ok	0							-1.86	1	1		
comms:array-feed#1	comms	1	73.680	-61.040	0.260	73.68	-61.04	0.52	0	-0.6708	0.26	0	0.26	0.26			0	0	0	0	ok	0							-1.86	1	1		
comms:array-feed#2	comms	1	80.470	-64.830	0.260	80.47	-64.83	0.52	0	2.4708	0.26	0	0.26	0.26			0	0	0	0	ok	0							-1.86	1	1		
comms:array-feed#3	comms	1	78.150	-66.680	0.260	78.15	-66.68	0.52	0	-0.6708	0.26	0	0.26	0.26			0	0	0	0	ok	0							-1.86	1	1		
comms:rail@57.0,-50.0#0	comms	1	57.830	-50.330	0.510	57.83	-50.33	1.02	0.34	0.2347	0.51	0.17	0.34	0.34			0	0	0	0	ok	0							-2.11	0	1		
comms:rail@57.0,-50.0#1	comms	1	56.170	-49.670	0.510	56.17	-49.67	1.02	0.34	-2.9069	0.51	0.17	0.34	0.34			0	0	0	0	ok	0							-2.11	0	1		
comms:pad4#0	comms	1	53.100	-69.230	0.100	53.1	-69.23	0.2	0.2	-2.0944	0.1	0.1	0	0			0	0	0	0	ok	0							-1.7	1	1		
comms:pad4#1	comms	1	51.000	-65.600	0.100	51	-65.6	0.2	0.2	-2.0944	0.1	0.1	0	0			0	0	0	0	ok	0							-1.7	1	1		
comms:pad4#2	comms	1	48.900	-69.230	0.100	48.9	-69.23	0.2	0.2	-2.9622	0.1	0.1	0	0			0	0	0	0	ok	0							-1.7	1	1		
science:platform_low@0.0,62.0#0	science	1	-1.110	64.730	0.310	-1.11	64.73	0.6	0.6	-1.8143	0.3	0.3	0.01	0.01			0	0	0	0	ok	0							-1.91	0	1		
science:platform_low@0.0,62.0#1	science	1	-2.150	63.020	0.910	-2.15	63.02	1.82	1.54	-1.8143	0.91	0.77	0.14	0.14			0	0	0	0	ok	0							-2.51	0	1		
science:platform_low@0.0,62.0#2	science	1	-2.730	61.650	0.840	-2.73	61.65	1.66	0.24	-1.8143	0.83	0.12	0.72	0.72			0	0	0	0	ok	0							-2.44	0	1		
science:platform_low@0.0,62.0#3	science	1	-3.030	60.700	0.530	-3.03	60.7	0.76	1.04	-1.8143	0.38	0.52	0.15	0.15			0	0	0	0	ok	0							-2.13	0	1		
science:platform_low@0.0,62.0#4	science	1	-1.240	60.590	0.050	-1.24	60.59	0	0	-1.8143	0	0	0.05	0.05			0	0	0	0	ok	0							-1.65	0	1		
science:platform_low@0.0,62.0#5	science	1	-1.320	65.250	0.310	-1.32	65.25	0.62	0.5	0.7218	0.31	0.25	0.06	0.06			0	0	0	0	ok	0							-1.91	1	1		
science:platform_low@0.0,62.0#6	science	1	2.990	63.210	0.580	2.99	63.21	0.68	1.16	-2.1161	0.34	0.58	0.24	0.24			0	0	0	0	ok	0							-2.18	0	1		
science:platform_low@0.0,62.0#7	science	1	3.310	62.430	0.900	3.31	62.43	1.2	1.34	-2.1161	0.6	0.67	0.3	0.3	-0.061	4.02,61.88	6	0	6	0	ok	0							-2.5	0	1		
science:platform_low@0.0,62.0#8	science	1	2.150	60.980	0.910	2.15	60.98	1.78	1.5	-2.1161	0.89	0.75	0.16	0.16			0	0	0	0	ok	0							-2.51	0	1		
science:platform_low@0.0,62.0#9	science	1	1.240	63.410	0.050	1.24	63.41	0	0	-2.1161	0	0	0.05	0.05			0	0	0	0	ok	0							-1.738	0	1		
science:platform_low@0.0,62.0#10	science	1	1.020	64.150	0.910	1.02	64.15	0.42	1.78	-2.1161	0.21	0.89	0.7	0.7			0	0	0	0	ok	0							-2.51	0	1		
science:platform_low@0.0,62.0#11	science	1	0.430	65.050	0.050	0.43	65.05	0	0	0.0000	0	0	0.05	0.05			0	0	0	0	ok	0							-1.65	1	1		
science:desk_computer@9.0,56.0#0	science	1	9.140	56.430	0.550	9.14	56.43	0.92	1.1	-0.6198	0.46	0.55	0.09	0.09			0	0	0	0	ok	0							-2.15	0	1		
science:desk_computer@9.0,56.0#1	science	1	8.670	55.480	0.470	8.67	55.48	0.8	0.52	-0.6198	0.4	0.26	0.21	0.21			0	0	0	0	ok	0							-2.07	0	1		
science:desk_computer@9.0,56.0#2	science	1	9.140	56.270	0.710	9.14	56.27	1.38	0.66	-0.6198	0.69	0.33	0.38	0.38			0	0	0	0	ok	0							-2.31	0	1		
science:craterLarge@14.0,72.0#0	science	1	13.790	72.220	0.750	13.79	72.22	1.48	1.04	1.9851	0.74	0.52	0.23	0.23			0	0	0	0	ok	0							-2.35	0	1		
science:craterLarge@14.0,72.0#1	science	1	14.210	71.780	0.750	14.21	71.78	1.48	1	1.9851	0.74	0.5	0.25	0.25			0	0	0	0	ok	0							-2.35	0	1		
science:pad5#0	science	1	6.740	71.190	0.100	6.74	71.19	0.2	0.2	1.3914	0.1	0.1	0	0			0	0	0	0	ok	0							-1.7	1	1		
science:pad5#1	science	1	2.550	71.190	0.100	2.55	71.19	0.2	0.2	2.0944	0.1	0.1	0	0			0	0	0	0	ok	0							-1.7	1	1		
science:pad5#2	science	1	4.650	74.820	0.100	4.65	74.82	0.2	0.2	2.0944	0.1	0.1	0	0			0	0	0	0	ok	0							-1.7	1	1		
motor:rover-bay#0	motor	1	1.270	-60.960	0.300	1.27	-60.96	0.6	0	0.0000	0.3	0	0.3	0.3			0	0	0	0	ok	0							-1.9	1	1		
motor:rover-bay#1	motor	1	-2.230	-60.960	0.300	-2.23	-60.96	0.6	0	0.0000	0.3	0	0.3	0.3			0	0	0	0	ok	0							-1.9	1	1		
motor:rover-bay#2	motor	1	1.270	-69.440	0.300	1.27	-69.44	0.6	0	0.0000	0.3	0	0.3	0.3			0	0	0	0	ok	0							-1.9	1	1		
motor:rover-bay#3	motor	1	-2.230	-69.440	0.300	-2.23	-69.44	0.6	0	0.0000	0.3	0	0.3	0.3			0	0	0	0	ok	0							-1.9	1	1		
motor:pad6#0	motor	1	3.700	-52.790	0.110	3.7	-52.79	0.22	0.22	1.3914	0.11	0.11	0	0			0	0	0	0	ok	0							-1.71	1	1		
motor:pad6#1	motor	1	-0.700	-52.790	0.110	-0.7	-52.79	0.22	0.22	-2.9622	0.11	0.11	0	0			0	0	0	0	ok	0							-1.71	1	1		
motor:pad6#2	motor	1	1.500	-48.980	0.110	1.5	-48.98	0.22	0.22	-2.2738	0.11	0.11	0	0			0	0	0	0	ok	0							-1.71	1	1		
motor:kit:cradle@-7.9,-54.3#0	motor	1	-8.720	-54.330	0.460	-8.72	-54.33	0.92	0.64	2.7572	0.46	0.32	0.14	0.14			0	0	0	0	ok	0							-2.06	1	1		
motor:kit:cradle@-5.5,-54.3#0	motor	1	-4.250	-54.330	0.180	-4.25	-54.33	0.36	0.06	1.5986	0.18	0.03	0.15	0.15			0	0	0	0	ok	0							-1.78	1	1		
motor:kit:cradle@-5.5,-54.3#1	motor	1	-5.080	-54.330	0.170	-5.08	-54.33	0.34	0	1.5708	0.17	0	0.17	0.17			0	0	0	0	ok	0							-1.77	0	1		
motor:rail@-8.5,-54.5#0	motor	1	-9.940	-53.930	0.150	-9.94	-53.93	0.3	0.28	1.3235	0.15	0.14	0.01	0.01			0	0	0	0	ok	0							-1.75	1	1		
motor:rail@-8.5,-54.5#1	motor	1	-10.020	-53.900	0.080	-10.02	-53.9	0.16	0.08	1.4058	0.08	0.04	0.04	0.04			0	0	0	0	ok	0							-1.68	1	1		
storm:lander@-60.0,0.0#0	storm	1	-66.160	4.310	0.410	-66.16	4.31	0.72	0.8	2.1810	0.36	0.4	0.05	0.05			0	0	0	0	ok	0							-2.01	0	1		
storm:lander@-60.0,0.0#1	storm	1	-66.640	3.630	0.400	-66.64	3.63	0.72	0.42	2.1810	0.36	0.21	0.19	0.19			0	0	0	0	ok	0							-2	0	1		
storm:barrel@-51.0,4.0#0	storm	1	-51.000	4.000	0.310	-51	4	0.62	0.62	-1.5751	0.31	0.31	0	0			0	0	0	0	ok	0							-1.91	0	1		
storm:barrel@-49.0,1.0#0	storm	1	-49.000	1.000	0.310	-49	1	0.62	0.62	-0.0665	0.31	0.31	0	0			0	0	0	0	ok	0							-1.91	0	1		
storm:kit:mast_tall@-68.0,-7.0#0	storm	1	-68.000	-7.050	0.240	-68	-7.05	0.48	0.46	2.5619	0.24	0.23	0.01	0.01			0	0	0	0	ok	0							-1.84	1	1		
storm:kit:mast_tall@-68.0,-7.0#1	storm	1	-68.000	-6.900	0.230	-68	-6.9	0.42	0.38	2.5619	0.21	0.19	0.04	0.04			0	0	0	0	ok	0							-1.83	1	1		
storm:desk_computer@104.0,-11.0#0	storm	1	104.060	-11.010	0.660	104.06	-11.01	1.32	0.52	2.0337	0.66	0.26	0.4	0.4			0	0	0	0	ok	0							-2.26	0	1		
samples:site0#0	samples	1	81.810	66.500	0.340	81.81	66.5	0.68	0.66	-0.6942	0.34	0.33	0.01	0.01			0	0	0	0	ok	0							-1.94	1	1		
samples:site0#1	samples	1	81.400	65.980	0.460	81.4	65.98	0.92	0.68	-0.6942	0.46	0.34	0.12	0.12			0	0	0	0	ok	0							-2.06	1	1		
samples:site0#2	samples	1	82.320	66.180	0.690	82.32	66.18	1.34	0.88	-0.6942	0.67	0.44	0.25	0.25			0	0	0	0	ok	0							-2.29	0	1		
samples:site0#3	samples	1	82.340	66.940	0.380	82.34	66.94	0.74	0.6	-0.6942	0.37	0.3	0.08	0.08			0	0	0	0	ok	0							-1.98	1	1		
samples:site1#0	samples	1	-85.290	61.280	0.370	-85.29	61.28	0.72	0.64	1.0213	0.36	0.32	0.05	0.05			0	0	0	0	ok	0							-2.102	0	1		
samples:site1#1	samples	1	-85.780	60.910	0.460	-85.78	60.91	0.4	0.88	1.0213	0.2	0.44	0.26	0.26			0	0	0	0	ok	0							-2.129	0	1		
samples:site1#2	samples	1	-85.610	61.170	0.840	-85.61	61.17	1.68	1.24	1.0213	0.84	0.62	0.22	0.22			0	0	0	0	ok	0							-2.44	0	1		
samples:site1#3	samples	1	-84.730	61.580	0.410	-84.73	61.58	0.82	0.34	-0.8978	0.41	0.17	0.24	0.24			0	0	0	0	ok	0							-2.01	1	1		
samples:site2#0	samples	1	98.830	-33.800	0.490	98.83	-33.8	0.94	0.72	-0.6942	0.47	0.36	0.13	0.13			0	0	0	0	ok	0							-2.09	0	1		
samples:site2#1	samples	1	99.000	-33.260	0.430	99	-33.26	0.48	0.8	-0.6942	0.24	0.4	0.19	0.19			0	0	0	0	ok	0							-2.03	0	1		
samples:site2#2	samples	1	98.430	-33.740	0.470	98.43	-33.74	0.92	0.66	-0.6942	0.46	0.33	0.14	0.14			0	0	0	0	ok	0							-2.07	0	1		
samples:site2#3	samples	1	98.150	-34.480	0.550	98.15	-34.48	0.5	1.06	-0.6942	0.25	0.53	0.3	0.3			0	0	0	0	ok	0							-2.15	0	1		
samples:site2#4	samples	1	98.070	-34.120	0.760	98.07	-34.12	1.48	0.46	-0.6942	0.74	0.23	0.53	0.53			0	0	0	0	ok	0							-2.36	0	1		
samples:site3#0	samples	1	-31.960	98.440	0.450	-31.96	98.44	0.88	0.52	2.4721	0.44	0.26	0.19	0.19			0	0	0	0	ok	0							-2.05	1	1		
samples:site4#0	samples	1	39.460	-85.310	0.500	39.46	-85.31	0.68	0.88	-2.5973	0.34	0.44	0.16	0.16			0	0	0	0	ok	0							-2.1	0	1		
samples:site4#1	samples	1	39.320	-85.800	0.580	39.32	-85.8	1.14	0.8	-2.5973	0.57	0.4	0.18	0.18			0	0	0	0	ok	0							-2.18	0	1		
samples:site4#2	samples	1	39.380	-84.720	0.630	39.38	-84.72	1.26	0.42	0.2755	0.63	0.21	0.42	0.42			0	0	0	0	ok	0							-2.23	0	1		
samples:site4#3	samples	1	40.140	-85.040	0.060	40.14	-85.04	0.12	0.06	-0.3241	0.06	0.03	0.03	0.03			0	0	0	0	ok	0							-1.687	1	1		
samples:site4#4	samples	1	40.180	-84.770	0.360	40.18	-84.77	0.7	0.48	-0.9428	0.35	0.24	0.12	0.12			0	0	0	0	ok	0							-1.96	1	1		
samples:site5#0	samples	1	-96.460	-36.110	0.300	-96.46	-36.11	0.6	0.58	-0.6942	0.3	0.29	0.01	0.01			0	0	0	0	ok	0							-1.9	1	1		
samples:site5#1	samples	1	-96.720	-36.660	0.470	-96.72	-36.66	0.86	0.86	-0.6942	0.43	0.43	0.04	0.04			0	0	0	0	ok	0							-2.07	1	1		
samples:site5#2	samples	1	-95.990	-35.720	0.340	-95.99	-35.72	0.66	0.62	-0.6942	0.33	0.31	0.03	0.03			0	0	0	0	ok	0							-1.94	1	1		
road:lamp-0-1	road	0	-21.800	-83.880	0.449	-21.8	-83.8803	0.63	0.64	1.5708	0.315	0.32	0.134	0.134			0	0	0	0	ok	0							-2.049	1	1		
road:lamp-0-4	road	0	-38.200	-66.120	0.449	-38.2	-66.1197	0.63	0.64	-1.5708	0.315	0.32	0.134	0.134			0	0	0	0	ok	0							-2.049	1	1		
road:lamp-0-7	road	0	-21.800	-47.880	0.449	-21.8	-47.8803	0.63	0.64	1.5708	0.315	0.32	0.134	0.134			0	0	0	0	ok	0							-2.049	1	1		
road:lamp-0-13	road	0	-38.200	-12.120	0.449	-38.2	-12.1197	0.63	0.64	-1.5708	0.315	0.32	0.134	0.134			0	0	0	0	ok	0							-2.049	1	1		
road:lamp-0-16	road	0	-38.200	5.880	0.449	-38.2	5.8803	0.63	0.64	-1.5708	0.315	0.32	0.134	0.134			0	0	0	0	ok	0							-2.049	1	1		
road:lamp-0-19	road	0	-38.200	21.880	0.449	-38.2	21.8803	0.63	0.64	-1.5708	0.315	0.32	0.134	0.134			0	0	0	0	ok	0							-2.049	1	1		
road:lamp-0-22	road	0	-38.200	41.880	0.449	-38.2	41.8803	0.63	0.64	-1.5708	0.315	0.32	0.134	0.134			0	0	0	0	ok	0							-2.049	1	1		
road:lamp-0-25	road	0	-21.800	60.120	0.449	-21.8	60.1197	0.63	0.64	1.5708	0.315	0.32	0.134	0.134			0	0	0	0	ok	0							-2.049	1	1		
road:lamp-0-28	road	0	-38.200	79.880	0.449	-38.2	79.8803	0.63	0.64	-1.5708	0.315	0.32	0.134	0.134			0	0	0	0	ok	0							-2.049	1	1		
road:lamp-1-1	road	0	21.800	-84.120	0.449	21.8	-84.1197	0.63	0.64	-1.5708	0.315	0.32	0.134	0.134			0	0	0	0	ok	0							-2.049	1	1		
road:lamp-1-4	road	0	21.800	-66.120	0.449	21.8	-66.1197	0.63	0.64	-1.5708	0.315	0.32	0.134	0.134			0	0	0	0	ok	0							-2.049	1	1		
road:lamp-1-7	road	0	38.200	-47.880	0.449	38.2	-47.8803	0.63	0.64	1.5708	0.315	0.32	0.134	0.134			0	0	0	0	ok	0							-2.049	1	1		
road:lamp-1-13	road	0	38.200	-11.880	0.449	38.2	-11.8803	0.63	0.64	1.5708	0.315	0.32	0.134	0.134			0	0	0	0	ok	0							-2.049	1	1		
road:lamp-1-16	road	0	21.800	5.880	0.449	21.8	5.8803	0.63	0.64	-1.5708	0.315	0.32	0.134	0.134			0	0	0	0	ok	0							-2.049	1	1		
road:lamp-1-19	road	0	21.800	21.880	0.449	21.8	21.8803	0.63	0.64	-1.5708	0.315	0.32	0.134	0.134			0	0	0	0	ok	0							-2.049	1	1		
road:lamp-1-22	road	0	21.800	41.880	0.449	21.8	41.8803	0.63	0.64	-1.5708	0.315	0.32	0.134	0.134			0	0	0	0	ok	0							-2.049	1	1		
road:lamp-1-25	road	0	38.200	60.120	0.449	38.2	60.1197	0.63	0.64	1.5708	0.315	0.32	0.134	0.134			0	0	0	0	ok	0							-2.049	1	1		
road:lamp-1-28	road	0	21.800	77.880	0.449	21.8	77.8803	0.63	0.64	-1.5708	0.315	0.32	0.134	0.134			0	0	0	0	ok	0							-2.049	1	1		
road:lamp-2-1	road	0	-83.880	-38.200	0.449	-83.8803	-38.2	0.63	0.64	3.1416	0.315	0.32	0.134	0.134			0	0	0	0	ok	0							-2.049	1	1		
road:lamp-2-4	road	0	-66.120	-21.800	0.449	-66.1197	-21.8	0.63	0.64	0.0000	0.315	0.32	0.134	0.134			0	0	0	0	ok	0							-2.049	1	1		
road:lamp-2-7	road	0	-48.120	-21.800	0.449	-48.1197	-21.8	0.63	0.64	0.0000	0.315	0.32	0.134	0.134			0	0	0	0	ok	0							-2.049	1	1		
road:lamp-2-13	road	0	-11.880	-38.200	0.449	-11.8803	-38.2	0.63	0.64	3.1416	0.315	0.32	0.134	0.134			0	0	0	0	ok	0							-2.049	1	1		
road:lamp-2-16	road	0	6.120	-38.200	0.449	6.1197	-38.2	0.63	0.64	3.1416	0.315	0.32	0.134	0.134			0	0	0	0	ok	0							-2.049	1	1		
road:lamp-2-19	road	0	21.880	-21.800	0.449	21.8803	-21.8	0.63	0.64	0.0000	0.315	0.32	0.134	0.134			0	0	0	0	ok	0							-2.049	1	1		
road:lamp-2-22	road	0	41.880	-21.800	0.449	41.8803	-21.8	0.63	0.64	0.0000	0.315	0.32	0.134	0.134			0	0	0	0	ok	0							-2.049	1	1		
road:lamp-2-25	road	0	60.120	-38.200	0.449	60.1197	-38.2	0.63	0.64	3.1416	0.315	0.32	0.134	0.134			0	0	0	0	ok	0							-2.049	1	1		
road:lamp-2-28	road	0	77.880	-21.800	0.449	77.8803	-21.8	0.63	0.64	0.0000	0.315	0.32	0.134	0.134			0	0	0	0	ok	0							-2.049	1	1		
road:lamp-3-1	road	0	-83.880	21.800	0.449	-83.8803	21.8	0.63	0.64	3.1416	0.315	0.32	0.134	0.134			0	0	0	0	ok	0							-2.049	1	1		
road:lamp-3-4	road	0	-66.120	38.200	0.449	-66.1197	38.2	0.63	0.64	0.0000	0.315	0.32	0.134	0.134			0	0	0	0	ok	0							-2.049	1	1		
road:lamp-3-7	road	0	-47.880	21.800	0.449	-47.8803	21.8	0.63	0.64	3.1416	0.315	0.32	0.134	0.134			0	0	0	0	ok	0							-2.049	1	1		
road:lamp-3-13	road	0	-13.380	21.800	0.449	-13.3803	21.8	0.63	0.64	3.1416	0.315	0.32	0.134	0.134			0	0	0	0	ok	0							-2.049	1	1		
road:lamp-3-16	road	0	5.880	38.200	0.449	5.8803	38.2	0.63	0.64	0.0000	0.315	0.32	0.134	0.134			0	0	0	0	ok	0							-2.049	1	1		
road:lamp-3-22	road	0	41.880	38.200	0.449	41.8803	38.2	0.63	0.64	0.0000	0.315	0.32	0.134	0.134			0	0	0	0	ok	0							-2.049	1	1		
road:lamp-3-25	road	0	60.120	21.800	0.449	60.1197	21.8	0.63	0.64	3.1416	0.315	0.32	0.134	0.134			0	0	0	0	ok	0							-2.049	1	1		
road:lamp-3-28	road	0	77.880	38.200	0.449	77.8803	38.2	0.63	0.64	0.0000	0.315	0.32	0.134	0.134			0	0	0	0	ok	0							-2.049	1	1		
scatter:rock#0	scatter	0	-1.120	95.990	0.870	-1.12	95.99	1.58	1.36	1.8023	0.79	0.68	0.19	0.19			0	0	0	0	ok	0		0.70	Mesh	-1.8,96			-2.47	0	1		
scatter:rock#0	scatter	0	-0.740	95.740	1.030	-0.74	95.74	1.9	1.48	1.8023	0.95	0.74	0.29	0.29			0	0	0	0	ok	0		0.54	Mesh	-0.3,95.4			-2.63	0	1		
scatter:rock#0	scatter	0	-0.110	95.890	1.100	-0.11	95.89	2.2	0.68	1.8023	1.1	0.34	0.76	0.76			0	0	0	0	ok	0		0.05	Mesh	-0.1,95.9			-2.7	0	1		
scatter:rock#0	scatter	0	-1.330	95.320	1.050	-1.33	95.32	1.76	2	1.8023	0.88	1	0.17	0.17			0	0	0	0	ok	0		0.28	Mesh	-1.6,95.2			-2.65	0	1		
scatter:rock#0	scatter	0	-1.650	96.910	1.160	-1.65	96.91	2.2	0.72	1.8023	1.1	0.36	0.8	0.8			0	0	0	0	ok	0		0.04	Mesh	-1.7,96.9			-2.76	0	1		
scatter:rock#0	scatter	0	-0.240	97.230	0.990	-0.24	97.23	1.22	1.68	1.8023	0.61	0.84	0.38	0.38			0	0	0	0	ok	0		0.13	Mesh	-0.1,97.2			-2.59	0	1		
scatter:rock#0	scatter	0	0.360	95.670	0.890	0.36	95.67	1.76	0.54	1.8023	0.88	0.27	0.62	0.62			0	0	0	0	ok	0		0.19	Mesh	0.2,95.8			-2.49	0	1		
scatter:rock#0	scatter	0	-0.860	94.600	1.090	-0.86	94.6	1.54	2.04	1.8023	0.77	1.02	0.32	0.32			0	0	0	0	ok	0		0.14	Mesh	-0.8,94.5			-2.69	0	1		
scatter:rock#0	scatter	0	-2.120	95.690	1.190	-2.12	95.69	2.22	1.14	1.8023	1.11	0.57	0.62	0.62			0	0	0	0	ok	0		0.11	Mesh	-2.2,95.6			-2.79	0	1		
scatter:rock#0	scatter	0	-1.200	96.870	1.030	-1.2	96.87	1.02	2.02	1.8023	0.51	1.01	0.52	0.52			0	0	0	0	ok	0		0.20	Mesh	-1.2,96.7			-2.63	0	1		
scatter:rock#0	scatter	0	-0.130	96.810	0.560	-0.13	96.81	1.08	0.62	1.8023	0.54	0.31	0.25	0.25			0	0	0	0	ok	0		0.05	Mesh	-0.2,96.8			-2.16	0	1		
scatter:rock#1	scatter	0	85.060	-45.090	0.590	85.06	-45.09	1.02	0.94	-0.0148	0.51	0.47	0.12	0.12			0	0	0	0	ok	0		0.11	Mesh	85,-45.2			-2.19	0	1		
scatter:rock#1	scatter	0	84.840	-44.630	0.860	84.84	-44.63	1.46	1.08	-0.0148	0.73	0.54	0.32	0.32			0	0	0	0	ok	0		0.08	Mesh	84.9,-44.6			-2.46	0	1		
scatter:rock#1	scatter	0	84.380	-44.290	0.590	84.38	-44.29	1.18	1.02	-0.0148	0.59	0.51	0.08	0.08			0	0	0	0	ok	0		0.07	Mesh	84.4,-44.2			-2.25	0	1		
scatter:rock#1	scatter	0	83.690	-44.330	0.940	83.69	-44.33	1.78	0.94	-0.0148	0.89	0.47	0.47	0.47			0	0	0	0	ok	0		0.12	Mesh	83.8,-44.3			-2.54	0	1		
scatter:rock#1	scatter	0	83.110	-45.430	0.820	83.11	-45.43	1	1.5	-0.0148	0.5	0.75	0.32	0.32			0	0	0	0	ok	0		0.15	Mesh	83.2,-45.3			-2.42	0	1		
scatter:rock#1	scatter	0	84.330	-45.940	0.870	84.33	-45.94	1.7	0.84	-0.0148	0.85	0.42	0.45	0.45			0	0	0	0	ok	0		0.05	Mesh	84.4,-46			-2.47	0	1		
scatter:rock#1	scatter	0	84.740	-45.840	0.660	84.74	-45.84	1.26	0.68	-0.0148	0.63	0.34	0.32	0.32			0	0	0	0	ok	0		0.04	Mesh	84.7,-45.8			-2.26	0	1		
scatter:rock#1	scatter	0	84.150	-45.460	0.790	84.15	-45.46	1.58	0.5	-0.0148	0.79	0.25	0.54	0.54			0	0	0	0	ok	0		0.33	Mesh	84.3,-45.8			-2.39	0	1		
scatter:rock#1	scatter	0	83.840	-45.230	0.650	83.84	-45.23	1.26	1.28	-0.0148	0.63	0.64	0.02	0.02			0	0	0	0	ok	0		0.23	Mesh	83.9,-45.5			-2.25	0	1		
scatter:rock#1	scatter	0	84.380	-44.670	1.030	84.38	-44.67	2.06	0.58	-0.0148	1.03	0.29	0.74	0.74			0	0	0	0	ok	0		0.10	Mesh	84.4,-44.6			-2.63	0	1		
scatter:rock#2	scatter	0	82.760	11.440	0.400	82.76	11.44	0.76	0.72	-0.2623	0.38	0.36	0.04	0.04			0	0	0	0	ok	0		0.16	Mesh	82.6,11.3			-2	1	1		
scatter:rock#2	scatter	0	82.660	11.390	0.430	82.66	11.39	0.72	0.68	-0.2623	0.36	0.34	0.09	0.09			0	0	0	0	ok	0		0.05	Mesh	82.6,11.3			-2.03	1	1		
scatter:rock#3	scatter	0	-91.720	54.440	0.550	-91.72	54.44	1.08	0.6	-0.5577	0.54	0.3	0.25	0.25			0	0	0	0	ok	0		0.13	Mesh	-91.6,54.4			-2.215	0	1		
scatter:rock#3	scatter	0	-91.810	54.710	0.670	-91.81	54.71	1.34	0.8	-0.5577	0.67	0.4	0.27	0.27			0	0	0	0	ok	0		0.10	Mesh	-91.7,54.7			-2.485	0	1		
scatter:rock#3	scatter	0	-92.000	54.690	0.760	-92	54.69	1.48	1.5	-0.5577	0.74	0.75	0.02	0.02			0	0	0	0	ok	0		0.28	Mesh	-91.7,54.7			-2.36	0	1		
scatter:rock#3	scatter	0	-91.780	54.800	0.980	-91.78	54.8	1.96	1.56	-0.5577	0.98	0.78	0.2	0.2			0	0	0	0	ok	0		0.14	Mesh	-91.7,54.7			-2.58	0	1		
scatter:rock#3	scatter	0	-92.270	54.770	1.000	-92.27	54.77	1.56	1.94	-0.5577	0.78	0.97	0.22	0.22			0	0	0	0	ok	0		0.04	Mesh	-92.3,54.8			-2.6	0	1		
scatter:rock#3	scatter	0	-91.420	54.360	0.740	-91.42	54.36	1.44	0.68	-0.5577	0.72	0.34	0.4	0.4			0	0	0	0	ok	0		0.06	Mesh	-91.4,54.3			-2.34	0	1		
scatter:rock#4	scatter	0	-102.800	-5.430	0.530	-102.8	-5.43	0.92	1.02	1.2029	0.46	0.51	0.07	0.07			0	0	0	0	ok	0		0.27	Mesh	-102.7,-5.7			-2.13	0	1		
scatter:rock#5	scatter	0	11.160	-86.460	0.900	11.16	-86.46	1.3	1.74	0.5399	0.65	0.87	0.25	0.25			0	0	0	0	ok	0		0.36	Mesh	11.2,-86.1			-2.5	0	1		
scatter:rock#5	scatter	0	12.480	-86.880	0.760	12.48	-86.88	1.36	0.92	0.5399	0.68	0.46	0.3	0.3			0	0	0	0	ok	0		0.03	Mesh	12.4,-86.9			-2.36	0	1		
scatter:rock#5	scatter	0	12.030	-87.340	0.810	12.03	-87.34	1.52	1.32	0.5399	0.76	0.66	0.15	0.15			0	0	0	0	ok	0		0.31	Mesh	12.3,-87.2			-2.41	0	1		
scatter:rock#5	scatter	0	11.170	-87.310	0.780	11.17	-87.31	1.52	0.84	0.5399	0.76	0.42	0.36	0.36			0	0	0	0	ok	0		0.38	Mesh	11,-87.7			-2.38	0	1		
scatter:rock#5	scatter	0	11.260	-86.390	1.010	11.26	-86.39	1.8	1.38	0.5399	0.9	0.69	0.32	0.32			0	0	0	0	ok	0		0.27	Mesh	11.4,-86.1			-2.61	0	1		
scatter:rock#5	scatter	0	12.590	-87.770	0.300	12.59	-87.77	0.34	0.58	0.5399	0.17	0.29	0.13	0.13			0	0	0	0	ok	0		0.03	Mesh	12.6,-87.8			-1.9	1	1		
scatter:rock#5	scatter	0	11.930	-87.620	0.950	11.93	-87.62	1.6	1.02	0.5399	0.8	0.51	0.44	0.44			0	0	0	0	ok	0		0.23	Mesh	11.8,-87.8			-2.55	0	1		
scatter:rock#6	scatter	0	-72.930	13.650	0.000	-72.93	13.65	0	0	0.0000	0	0	0	0			0	0	0	0	ok	0		0.01	Mesh	-72.9,13.6			-1.6	1	1		
scatter:rock#7	scatter	0	16.750	103.810	0.520	16.75	103.81	0.66	0.8	-2.1304	0.33	0.4	0.19	0.19			0	0	0	0	ok	0		0.11	Mesh	16.7,103.7			-2.12	0	1		
scatter:rock#7	scatter	0	16.530	104.600	0.520	16.53	104.6	0.38	1.02	-2.1304	0.19	0.51	0.33	0.33			0	0	0	0	ok	0		0.07	Mesh	16.5,104.6			-2.12	0	1		
scatter:rock#8	scatter	0	-64.860	14.550	0.460	-64.86	14.55	0.92	0.78	-1.1829	0.46	0.39	0.07	0.07			0	0	0	0	ok	0		0.13	Mesh	-65,14.6			-2.06	1	1		
scatter:rock#8	scatter	0	-64.940	14.650	0.550	-64.94	14.65	1.08	0.94	-1.1829	0.54	0.47	0.08	0.08			0	0	0	0	ok	0		0.06	Mesh	-65,14.6			-2.15	0	1		
scatter:rock#8	scatter	0	-64.990	14.420	0.420	-64.99	14.42	0.8	0.84	-1.1829	0.4	0.42	0.02	0.02			0	0	0	0	ok	0		0.16	Mesh	-65.1,14.6			-2.02	1	1		
scatter:rock#9	scatter	0	-104.390	21.930	0.920	-104.39	21.93	1.36	1.84	-1.5312	0.68	0.92	0.24	0.24			0	0	0	0	ok	0		0.08	Mesh	-104.4,22			-2.52	0	1		
scatter:rock#9	scatter	0	-105.130	22.970	0.930	-105.13	22.97	1.84	0.88	-1.5312	0.92	0.44	0.49	0.49			0	0	0	0	ok	0		0.22	Mesh	-105.3,23.1			-2.589	0	1		
scatter:rock#9	scatter	0	-105.420	22.590	0.980	-105.42	22.59	1.96	0.86	-1.5312	0.98	0.43	0.55	0.55			0	0	0	0	ok	0		0.01	Mesh	-105.4,22.6			-2.58	0	1		
scatter:rock#9	scatter	0	-105.480	23.180	1.130	-105.48	23.18	2.2	1.46	-1.5312	1.1	0.73	0.4	0.4			0	0	0	0	ok	0		0.18	Mesh	-105.3,23.1			-2.73	0	1		
scatter:rock#9	scatter	0	-104.040	24.370	1.080	-104.04	24.37	1.44	2.16	-1.5312	0.72	1.08	0.36	0.36			0	0	0	0	ok	0		0.49	Mesh	-104.5,24.4			-2.68	0	1		
scatter:rock#9	scatter	0	-102.540	23.180	1.200	-102.54	23.18	2.28	1	-1.5312	1.14	0.5	0.7	0.7			0	0	0	0	ok	0		0.40	Mesh	-102.1,23.3			-2.8	0	1		
scatter:rock#9	scatter	0	-103.240	21.120	1.320	-103.24	21.12	1.82	1.94	-1.5312	0.91	0.97	0.41	0.41			0	0	0	0	ok	0		0.22	Mesh	-103.1,21			-2.92	0	1		
scatter:rock#9	scatter	0	-104.940	20.880	0.890	-104.94	20.88	1.24	1.26	-1.5312	0.62	0.63	0.27	0.27			0	0	0	0	ok	0		0.32	Mesh	-105.1,20.6			-2.49	0	1		
scatter:rock#9	scatter	0	-105.100	22.670	1.290	-105.1	22.67	2.56	0.58	-1.5312	1.28	0.29	1	1			0	0	0	0	ok	0		0.34	Mesh	-105.4,22.6			-2.89	0	1		
scatter:rock#9	scatter	0	-104.700	24.200	0.230	-104.7	24.2	0.34	0.32	-1.5312	0.17	0.16	0.07	0.07			0	0	0	0	ok	0		0.14	Mesh	-104.6,24.3			-1.998	0	1		
scatter:rock#10	scatter	0	-84.160	-6.130	0.590	-84.16	-6.13	1.18	0.62	2.3800	0.59	0.31	0.28	0.28			0	0	0	0	ok	0		0.12	Mesh	-84,-6.2			-2.329	0	1		
scatter:rock#10	scatter	0	-84.020	-6.230	0.800	-84.02	-6.23	1.56	0.82	2.3800	0.78	0.41	0.39	0.39			0	0	0	0	ok	0		0.05	Mesh	-84.1,-6.2			-2.4	0	1		
scatter:rock#10	scatter	0	-84.220	-6.140	0.790	-84.22	-6.14	1.58	0.78	2.3800	0.79	0.39	0.4	0.4			0	0	0	0	ok	0		0.16	Mesh	-84.1,-6.2			-2.39	0	1		
scatter:rock#10	scatter	0	-84.370	-6.180	0.560	-84.37	-6.18	1	0.9	2.3800	0.5	0.45	0.11	0.11			0	0	0	0	ok	0		0.05	Mesh	-84.4,-6.2			-2.235	0	1		
scatter:rock#10	scatter	0	-84.230	-6.470	0.310	-84.23	-6.47	0.58	0.6	2.3800	0.29	0.3	0.02	0.02			0	0	0	0	ok	0		0.01	Mesh	-84.2,-6.5			-2.081	0	1		
scatter:rock#11	scatter	0	90.140	6.240	0.630	90.14	6.24	1.26	0.96	2.6672	0.63	0.48	0.15	0.15			0	0	0	0	ok	0		0.35	Mesh	89.8,6.3			-2.23	0	1		
scatter:rock#11	scatter	0	89.810	6.610	0.490	89.81	6.61	0.86	0.7	2.6672	0.43	0.35	0.14	0.14			0	0	0	0	ok	0		0.14	Mesh	89.7,6.6			-2.09	1	1		
scatter:rock#12	scatter	0	-10.160	-88.310	0.990	-10.16	-88.31	1.32	1.92	-2.3496	0.66	0.96	0.33	0.33			0	0	0	0	ok	0		0.26	Mesh	-9.9,-88.2			-2.748	0	1		
scatter:rock#12	scatter	0	-11.340	-87.800	1.010	-11.34	-87.8	1.8	1.02	-2.3496	0.9	0.51	0.5	0.5			0	0	0	0	ok	0		0.03	Mesh	-11.4,-87.8			-2.61	0	1		
scatter:rock#12	scatter	0	-10.670	-86.380	1.070	-10.67	-86.38	1.2	1.98	-2.3496	0.6	0.99	0.47	0.47			0	0	0	0	ok	0		0.03	Mesh	-10.7,-86.4			-2.67	0	1		
scatter:rock#12	scatter	0	-9.000	-86.860	1.050	-9	-86.86	2.06	0.84	-2.3496	1.03	0.42	0.63	0.63			0	0	0	0	ok	0		0.38	Mesh	-8.7,-86.6			-2.65	0	1		
scatter:rock#12	scatter	0	-8.910	-88.590	0.910	-8.91	-88.59	1.02	1.8	-2.3496	0.51	0.9	0.4	0.4			0	0	0	0	ok	0		0.43	Mesh	-8.5,-88.8			-2.51	0	1		
scatter:rock#12	scatter	0	-10.290	-88.290	1.280	-10.29	-88.29	2.54	0.86	-2.3496	1.27	0.43	0.85	0.85			0	0	0	0	ok	0		0.38	Mesh	-9.9,-88.2			-2.88	0	1		
scatter:rock#12	scatter	0	-10.580	-86.760	0.670	-10.58	-86.76	1.18	1.34	-2.3496	0.59	0.67	0.08	0.08			0	0	0	0	ok	0		0.06	Mesh	-10.6,-86.7			-2.279	0	1		
scatter:rock#12	scatter	0	-11.190	-87.460	0.900	-11.19	-87.46	1.3	1.22	-2.3496	0.65	0.61	0.29	0.29			0	0	0	0	ok	0		0.11	Mesh	-11.1,-87.5			-2.5	0	1		
scatter:rock#12	scatter	0	-9.340	-87.120	0.800	-9.34	-87.12	1.52	0.58	-2.3496	0.76	0.29	0.51	0.51			0	0	0	0	ok	0		0.71	Mesh	-9.6,-86.5			-2.4	0	1		
scatter:rock#13	scatter	0	90.330	-2.640	0.490	90.33	-2.64	0.72	0.68	2.8749	0.36	0.34	0.15	0.15			0	0	0	0	ok	0		0.16	Mesh	90.5,-2.7			-2.406	0	1		
scatter:rock#13	scatter	0	90.610	-3.490	0.900	90.61	-3.49	1.76	1.1	2.8749	0.88	0.55	0.35	0.35			0	0	0	0	ok	0		0.09	Mesh	90.5,-3.5			-2.5	0	1		
scatter:rock#13	scatter	0	89.190	-3.090	1.140	89.19	-3.09	1.6	2.12	2.8749	0.8	1.06	0.34	0.34			0	0	0	0	ok	0		0.16	Mesh	89.3,-3			-2.74	0	1		
scatter:rock#13	scatter	0	89.590	-1.630	1.180	89.59	-1.63	2.32	1.2	2.8749	1.16	0.6	0.58	0.58			0	0	0	0	ok	0		0.16	Mesh	89.5,-1.5			-2.78	0	1		
scatter:rock#13	scatter	0	91.160	-1.980	1.000	91.16	-1.98	1.2	1.92	2.8749	0.6	0.96	0.4	0.4			0	0	0	0	ok	0		0.12	Mesh	91.1,-2			-2.6	0	1		
scatter:rock#13	scatter	0	90.390	-3.070	1.240	90.39	-3.07	2.46	1.12	2.8749	1.23	0.56	0.68	0.68			0	0	0	0	ok	0		0.13	Mesh	90.4,-3.2			-2.84	0	1		
scatter:rock#13	scatter	0	89.450	-2.320	1.000	89.45	-2.32	1.68	1.62	2.8749	0.84	0.81	0.19	0.19			0	0	0	0	ok	0		0.18	Mesh	89.3,-2.2			-2.6	0	1		
scatter:rock#13	scatter	0	89.910	-2.630	0.800	89.91	-2.63	1.56	1.56	2.8749	0.78	0.78	0.02	0.02			0	0	0	0	ok	0		0.10	Mesh	90,-2.6			-2.4	0	1		
scatter:rock#13	scatter	0	90.410	-2.380	0.810	90.41	-2.38	1.4	1.58	2.8749	0.7	0.79	0.11	0.11			0	0	0	0	ok	0		0.07	Mesh	90.4,-2.4			-2.41	0	1		
scatter:rock#13	scatter	0	90.660	-2.480	0.980	90.66	-2.48	1.9	1.44	2.8749	0.95	0.72	0.26	0.26			0	0	0	0	ok	0		0.07	Mesh	90.6,-2.5			-2.58	0	1		
scatter:rock#14	scatter	0	8.590	105.000	0.710	8.59	105	1.14	1.26	-1.9172	0.57	0.63	0.14	0.14			0	0	0	0	ok	0		0.30	Mesh	8.9,105			-2.31	0	1		
scatter:rock#14	scatter	0	8.600	104.330	0.850	8.6	104.33	1.58	1.14	-1.9172	0.79	0.57	0.28	0.28			0	0	0	0	ok	0		0.10	Mesh	8.5,104.3			-2.45	0	1		
scatter:rock#14	scatter	0	9.450	104.210	0.860	9.45	104.21	1.4	1.34	-1.9172	0.7	0.67	0.19	0.19			0	0	0	0	ok	0		0.09	Mesh	9.5,104.2			-2.46	0	1		
scatter:rock#14	scatter	0	9.020	104.880	0.750	9.02	104.88	1.04	1.5	-1.9172	0.52	0.75	0.23	0.23			0	0	0	0	ok	0		0.13	Mesh	8.9,104.9			-2.35	0	1		
scatter:rock#14	scatter	0	9.290	104.230	0.790	9.29	104.23	1	1.54	-1.9172	0.5	0.77	0.29	0.29			0	0	0	0	ok	0		0.24	Mesh	9.5,104.1			-2.39	0	1		
scatter:rock#15	scatter	0	-94.530	6.500	0.660	-94.53	6.5	1	1.3	-1.5429	0.5	0.65	0.16	0.16			0	0	0	0	ok	0		0.15	Mesh	-94.4,6.5			-2.26	0	1		
scatter:rock#15	scatter	0	-94.950	7.090	0.940	-94.95	7.09	1.88	1.8	-1.5429	0.94	0.9	0.04	0.04			0	0	0	0	ok	0		0.14	Mesh	-94.8,7			-2.54	0	1		
scatter:rock#15	scatter	0	-95.070	6.500	0.950	-95.07	6.5	1.74	1.72	-1.5429	0.87	0.86	0.09	0.09			0	0	0	0	ok	0		0.05	Mesh	-95.1,6.5			-2.55	0	1		
scatter:rock#15	scatter	0	-94.520	7.260	1.160	-94.52	7.26	2.22	1.6	-1.5429	1.11	0.8	0.36	0.36			0	0	0	0	ok	0		0.08	Mesh	-94.4,7.3			-2.76	0	1		
scatter:rock#15	scatter	0	-95.270	7.310	1.140	-95.27	7.31	2.18	1.66	-1.5429	1.09	0.83	0.31	0.31			0	0	0	0	ok	0		0.10	Mesh	-95.3,7.4			-2.74	0	1		
scatter:rock#15	scatter	0	-95.160	6.840	0.900	-95.16	6.84	1.7	1.42	-1.5429	0.85	0.71	0.19	0.19			0	0	0	0	ok	0		0.05	Mesh	-95.2,6.9			-2.5	0	1		
scatter:rock#15	scatter	0	-94.840	6.520	0.830	-94.84	6.52	1.52	1	-1.5429	0.76	0.5	0.33	0.33			0	0	0	0	ok	0		0.15	Mesh	-95,6.5			-2.43	0	1		
scatter:rock#16	scatter	0	-11.880	-106.460	1.150	-11.88	-106.46	2.02	1.7	-2.3558	1.01	0.85	0.3	0.3			0	0	0	0	ok	0		0.32	Mesh	-11.7,-106.2			-2.75	0	1		
scatter:rock#16	scatter	0	-11.040	-106.940	1.030	-11.04	-106.94	1.98	2.06	-2.3558	0.99	1.03	0.04	0.04			0	0	0	0	ok	0		0.40	Mesh	-10.7,-106.8			-2.63	0	1		
scatter:rock#16	scatter	0	-10.970	-105.510	0.930	-10.97	-105.51	1.86	0.56	-2.3558	0.93	0.28	0.65	0.65			0	0	0	0	ok	0		0.13	Mesh	-10.9,-105.4			-2.53	0	1		
scatter:rock#16	scatter	0	-10.270	-105.440	0.740	-10.27	-105.44	1.48	0.86	-2.3558	0.74	0.43	0.31	0.31			0	0	0	0	ok	0		0.03	Mesh	-10.2,-105.4			-2.34	0	1		
scatter:rock#16	scatter	0	-9.950	-107.070	1.090	-9.95	-107.07	1.42	1.88	-2.3558	0.71	0.94	0.38	0.38			0	0	0	0	ok	0		0.14	Mesh	-10.1,-107			-2.69	0	1		
scatter:rock#16	scatter	0	-11.340	-107.770	1.150	-11.34	-107.77	2.04	1.18	-2.3558	1.02	0.59	0.56	0.56			0	0	0	3	ok	0		0.03	Mesh	-11.3,-107.8			-2.75	0	1		
scatter:rock#16	scatter	0	-12.690	-106.530	0.890	-12.69	-106.53	1.5	0.96	-2.3558	0.75	0.48	0.41	0.41			0	0	0	0	ok	0		0.05	Mesh	-12.7,-106.6			-2.49	0	1		
scatter:rock#16	scatter	0	-12.070	-105.160	0.910	-12.07	-105.16	1.04	1.76	-2.3558	0.52	0.88	0.39	0.39			0	0	0	0	ok	0		0.19	Mesh	-12.1,-105.3			-2.51	0	1		
scatter:rock#16	scatter	0	-11.250	-105.270	0.820	-11.25	-105.27	1.64	0.98	-2.3558	0.82	0.49	0.33	0.33			0	0	0	0	ok	0		0.06	Mesh	-11.2,-105.2			-2.42	0	1		
scatter:rock#16	scatter	0	-11.430	-106.470	1.030	-11.43	-106.47	1.88	1.68	-2.3558	0.94	0.84	0.19	0.19			0	0	0	0	ok	0		0.43	Mesh	-11.7,-106.2			-2.63	0	1		
scatter:rock#16	scatter	0	-10.640	-106.430	1.090	-10.64	-106.43	1.08	1.98	-2.3558	0.54	0.99	0.55	0.55			0	0	0	0	ok	0		0.03	Mesh	-10.7,-106.4			-2.69	0	1		
scatter:rock#16	scatter	0	-10.690	-106.290	1.060	-10.69	-106.29	1.66	1.64	-2.3558	0.83	0.82	0.24	0.24			0	0	0	0	ok	0		0.05	Mesh	-10.7,-106.3			-2.66	0	1		
scatter:rock#17	scatter	0	-83.340	-15.100	1.440	-83.34	-15.1	2.64	1.74	2.0651	1.32	0.87	0.57	0.57	-0.622	-83.34,-13.66	1	0	1	0	ok	0		0.66	Mesh	-83.4,-15.8	1.25	Mesh	-3.04	0	1		
scatter:rock#17	scatter	0	-84.440	-14.760	1.200	-84.44	-14.76	2.22	1.78	2.0651	1.11	0.89	0.31	0.31	-0.325	-83.49,-14.03	4	0	4	0	ok	0		0.75	Mesh	-85.1,-15	1.28	Mesh	-2.8	0	1		
scatter:rock#17	scatter	0	-85.270	-13.660	1.220	-85.27	-13.66	2.42	0.96	2.0651	1.21	0.48	0.74	0.74			0	0	0	0	ok	0		0.42	Mesh	-84.9,-13.8			-2.82	0	1		
scatter:rock#17	scatter	0	-84.960	-15.700	1.420	-84.96	-15.7	1.76	2.74	2.0651	0.88	1.37	0.54	0.54	-0.06	-83.96,-14.7	2	0	2	0	ok	0		0.06	Mesh	-84.9,-15.6	1.15	Mesh	-3.02	0	1		
scatter:rock#17	scatter	0	-82.850	-15.590	1.370	-82.85	-15.59	2.64	1.64	2.0651	1.32	0.82	0.55	0.55	-0.018	-83.94,-14.76	4	0	4	0	ok	0		0.08	Mesh	-82.8,-15.6	1.28	Mesh	-2.97	0	1		
scatter:rock#17	scatter	0	-81.710	-15.370	1.210	-81.71	-15.37	2.32	1.32	2.0651	1.16	0.66	0.55	0.55	-0.145	-80.5,-15.37	1	0	1	0	ok	0		0.16	Mesh	-81.9,-15.4	0.79	Mesh	-2.81	0	1		
scatter:rock#17	scatter	0	-83.570	-17.060	1.610	-83.57	-17.06	2.28	2.28	2.0651	1.14	1.14	0.47	0.47	-0.001	-82.18,-17.86	12	0	12	0	ok	0		0.05	Mesh	-83.6,-17.1	1.56	Mesh	-3.21	0	1		
scatter:rock#17	scatter	0	-86.000	-16.120	1.550	-86	-16.12	1.68	2.64	2.0651	0.84	1.32	0.71	0.71	-0.065	-87.1,-17.22	8	0	8	0	ok	0		0.24	Mesh	-86.2,-16.2	1.31	Mesh	-3.15	0	1		
scatter:rock#17	scatter	0	-86.080	-13.350	1.500	-86.08	-13.35	3	0.94	2.0651	1.5	0.47	1.03	1.03	-0.04	-87.53,-12.96	1	0	1	0	ok	0		0.38	Mesh	-85.8,-13.6	1.01	Mesh	-3.1	0	1		
scatter:rock#17	scatter	0	-83.760	-11.710	1.530	-83.76	-11.71	1.88	2.42	2.0651	0.94	1.21	0.59	0.59	-0.041	-83.36,-10.23	8	0	8	0	ok	0		0.38	Mesh	-83.9,-11.3	1.20	Mesh	-3.13	0	1		
scatter:rock#17	scatter	0	-81.830	-12.810	1.350	-81.83	-12.81	1.98	1.88	2.0651	0.99	0.94	0.41	0.41	-0.088	-80.49,-12.99	4	0	4	0	ok	0		0.44	Mesh	-81.4,-12.8	1.10	Mesh	-2.95	0	1		
scatter:rock#17	scatter	0	-83.970	-12.490	0.500	-83.97	-12.49	0.76	0.66	2.0651	0.38	0.33	0.17	0.17			0	0	0	0	ok	0		0.15	Mesh	-83.9,-12.4			-2.322	0	1		
scatter:rock#18	scatter	0	97.840	42.950	0.990	97.84	42.95	1.96	0.92	-1.2867	0.98	0.46	0.53	0.53			0	0	0	0	ok	0		0.00	Mesh	97.8,42.9			-2.59	0	1		
scatter:rock#18	scatter	0	97.470	43.300	0.920	97.47	43.3	1.66	1.1	-1.2867	0.83	0.55	0.37	0.37			0	0	0	0	ok	0		0.30	Mesh	97.4,43.6			-2.52	0	1		
scatter:rock#18	scatter	0	97.210	42.220	0.600	97.21	42.22	0.82	1.04	-1.2867	0.41	0.52	0.19	0.19			0	0	0	0	ok	0		0.11	Mesh	97.3,42.1			-2.26	0	1		
scatter:rock#18	scatter	0	97.350	43.110	0.850	97.35	43.11	1.6	1.08	-1.2867	0.8	0.54	0.31	0.31			0	0	0	0	ok	0		0.38	Mesh	97,43.1			-2.45	0	1		
scatter:rock#18	scatter	0	98.050	42.750	0.740	98.05	42.75	1.4	1.06	-1.2867	0.7	0.53	0.21	0.21			0	0	0	0	ok	0		0.13	Mesh	98.1,42.6			-2.34	0	1		
scatter:rock#18	scatter	0	97.600	41.730	0.490	97.6	41.73	0.74	0.76	-1.2867	0.37	0.38	0.12	0.12			0	0	0	0	ok	0		0.03	Mesh	97.6,41.7			-2.09	0	1		
scatter:rock#18	scatter	0	97.200	42.620	1.060	97.2	42.62	2.1	0.76	-1.2867	1.05	0.38	0.68	0.68			0	0	0	0	ok	0		0.32	Mesh	96.9,42.6			-2.66	0	1		
scatter:rock#18	scatter	0	98.080	43.530	0.760	98.08	43.53	1.32	1.48	-1.2867	0.66	0.74	0.1	0.1			0	0	0	0	ok	0		0.07	Mesh	98,43.5			-2.36	0	1		
scatter:rock#18	scatter	0	97.730	42.830	0.940	97.73	42.83	0.8	1.88	-1.2867	0.4	0.94	0.54	0.54			0	0	0	0	ok	0		0.05	Mesh	97.7,42.8			-2.54	0	1		
scatter:rock#19	scatter	0	-47.880	95.120	0.880	-47.88	95.12	1.36	1.72	-1.0464	0.68	0.86	0.2	0.2			0	0	0	0	ok	0		0.18	Mesh	-47.8,95			-2.48	0	1		
scatter:rock#19	scatter	0	-47.480	96.120	1.100	-47.48	96.12	1.64	1.5	-1.0464	0.82	0.75	0.35	0.35			0	0	0	0	ok	0		0.08	Mesh	-47.5,96.2			-2.7	0	1		
scatter:rock#19	scatter	0	-45.980	96.200	0.660	-45.98	96.2	1.18	1.04	-1.0464	0.59	0.52	0.14	0.14			0	0	0	0	ok	0		0.10	Mesh	-45.9,96.3			-2.26	0	1		
scatter:rock#19	scatter	0	-47.260	96.540	0.920	-47.26	96.54	1.3	1.32	-1.0464	0.65	0.66	0.27	0.27			0	0	0	0	ok	0		0.02	Mesh	-47.3,96.6			-2.52	0	1		
scatter:rock#19	scatter	0	-47.320	95.920	0.950	-47.32	95.92	1.16	1.88	-1.0464	0.58	0.94	0.37	0.37			0	0	0	0	ok	0		0.44	Mesh	-47.2,95.5			-2.55	0	1		
scatter:rock#19	scatter	0	-45.960	94.430	0.730	-45.96	94.43	1.42	0.82	-1.0464	0.71	0.41	0.32	0.32			0	0	0	0	ok	0		0.16	Mesh	-45.8,94.4			-2.33	0	1		
scatter:rock#19	scatter	0	-47.220	93.650	0.810	-47.22	93.65	1.1	1.24	-1.0464	0.55	0.62	0.26	0.26			0	0	0	0	ok	0		0.11	Mesh	-47.2,93.5			-2.41	0	1		
scatter:rock#19	scatter	0	-48.240	94.620	1.090	-48.24	94.62	1.76	1.36	-1.0464	0.88	0.68	0.41	0.41			0	0	0	0	ok	0		0.33	Mesh	-48.6,94.7			-2.69	0	1		
scatter:rock#19	scatter	0	-48.030	95.940	0.360	-48.03	95.94	0.42	0.68	-1.0464	0.21	0.34	0.15	0.15			0	0	0	0	ok	0		0.03	Mesh	-48,95.9			-2.121	0	1		
scatter:rock#19	scatter	0	-46.410	94.910	1.040	-46.41	94.91	2	1.26	-1.0464	1	0.63	0.41	0.41			0	0	0	0	ok	0		0.40	Mesh	-46,95.1			-2.64	0	1		
scatter:rock#20	scatter	0	-101.600	4.660	0.540	-101.6	4.66	0.94	0.88	-1.3324	0.47	0.44	0.1	0.1			0	0	0	0	ok	0		0.07	Mesh	-101.7,4.7			-2.178	0	1		
scatter:rock#20	scatter	0	-101.600	3.980	0.640	-101.6	3.98	1.2	0.9	-1.3324	0.6	0.45	0.19	0.19			0	0	0	0	ok	0		0.03	Mesh	-101.6,4			-2.33	0	1		
scatter:rock#20	scatter	0	-101.550	5.230	0.720	-101.55	5.23	1.16	1.04	-1.3324	0.58	0.52	0.2	0.2			0	0	0	0	ok	0		0.21	Mesh	-101.8,5.2			-2.32	0	1		
scatter:rock#20	scatter	0	-102.630	4.970	1.160	-102.63	4.97	2.14	1.32	-1.3324	1.07	0.66	0.5	0.5			0	0	0	0	ok	0		0.49	Mesh	-102.9,5.4			-2.76	0	1		
scatter:rock#20	scatter	0	-102.690	3.530	0.810	-102.69	3.53	0.96	1.5	-1.3324	0.48	0.75	0.33	0.33			0	0	0	0	ok	0		0.18	Mesh	-102.6,3.4			-2.41	0	1		
scatter:rock#20	scatter	0	-101.730	3.710	1.030	-101.73	3.71	1.76	1.46	-1.3324	0.88	0.73	0.3	0.3			0	0	0	0	ok	0		0.06	Mesh	-101.7,3.7			-2.63	0	1		
scatter:rock#20	scatter	0	-102.040	4.490	1.050	-102.04	4.49	1.72	1.96	-1.3324	0.86	0.98	0.19	0.19			0	0	0	0	ok	0		0.18	Mesh	-102,4.7			-2.65	0	1		
scatter:rock#21	scatter	0	106.080	-17.880	0.540	106.08	-17.88	0.96	0.68	2.5557	0.48	0.34	0.2	0.2			0	0	0	0	ok	0		0.02	Mesh	106.1,-17.9			-2.182	0	1		
scatter:rock#21	scatter	0	106.300	-18.360	0.870	106.3	-18.36	1.74	0.84	2.5557	0.87	0.42	0.45	0.45			0	0	0	0	ok	0		0.02	Mesh	106.3,-18.4			-2.47	0	1		
scatter:rock#21	scatter	0	105.020	-18.500	0.920	105.02	-18.5	1.32	1.74	2.5557	0.66	0.87	0.26	0.26			0	0	0	0	ok	0		0.00	Mesh	105,-18.5			-2.52	0	1		
scatter:rock#21	scatter	0	105.030	-17.160	1.000	105.03	-17.16	1.98	0.98	2.5557	0.99	0.49	0.51	0.51			0	0	0	0	ok	0		0.08	Mesh	105,-17.1			-2.6	0	1		
scatter:rock#21	scatter	0	106.450	-17.090	0.870	106.45	-17.09	1.14	1.7	2.5557	0.57	0.85	0.3	0.3			0	0	0	0	ok	0		0.15	Mesh	106.5,-17.2			-2.47	0	1		
scatter:rock#21	scatter	0	106.320	-18.210	0.990	106.32	-18.21	1.94	0.7	2.5557	0.97	0.35	0.64	0.64			0	0	0	0	ok	0		0.09	Mesh	106.4,-18.3			-2.59	0	1		
scatter:rock#21	scatter	0	105.270	-17.980	0.930	105.27	-17.98	1.72	1.8	2.5557	0.86	0.9	0.07	0.07			0	0	0	0	ok	0		0.27	Mesh	105.5,-17.9			-2.53	0	1		
scatter:rock#21	scatter	0	105.770	-17.400	0.820	105.77	-17.4	1.34	1.42	2.5557	0.67	0.71	0.15	0.15			0	0	0	0	ok	0		0.01	Mesh	105.8,-17.4			-2.42	0	1		
scatter:rock#21	scatter	0	105.710	-18.260	0.820	105.71	-18.26	1.5	0.9	2.5557	0.75	0.45	0.37	0.37			0	0	0	0	ok	0		0.19	Mesh	105.9,-18.3			-2.42	0	1		
scatter:rock#21	scatter	0	105.340	-17.900	0.660	105.34	-17.9	1.3	0.94	2.5557	0.65	0.47	0.19	0.19			0	0	0	0	ok	0		0.20	Mesh	105.5,-17.9			-2.424	0	1		
scatter:rock#22	scatter	0	-89.730	2.180	0.680	-89.73	2.18	1.26	0.82	2.8778	0.63	0.41	0.27	0.27			0	0	0	0	ok	0		0.28	Mesh	-90,2.2			-2.28	0	1		
scatter:rock#22	scatter	0	-90.000	2.640	0.640	-90	2.64	1.18	1.24	2.8778	0.59	0.62	0.05	0.05			0	0	0	0	ok	0		0.28	Mesh	-90.2,2.8			-2.24	0	1		
scatter:rock#22	scatter	0	-89.610	2.740	0.960	-89.61	2.74	1.86	1.2	2.8778	0.93	0.6	0.36	0.36			0	0	0	0	ok	0		0.13	Mesh	-89.6,2.6			-2.56	0	1		
scatter:rock#23	scatter	0	-51.690	13.440	0.410	-51.69	13.44	0.7	0.72	0.9515	0.35	0.36	0.06	0.06			0	0	0	0	ok	0		0.09	Mesh	-51.7,13.4			-2.01	1	1		
scatter:rock#23	scatter	0	-51.260	13.780	0.560	-51.26	13.78	1.04	1.08	0.9515	0.52	0.54	0.04	0.04			0	0	0	0	ok	0		0.24	Mesh	-51.4,13.6			-2.16	0	1		
scatter:rock#23	scatter	0	-51.430	13.860	0.640	-51.43	13.86	1.26	1.1	0.9515	0.63	0.55	0.09	0.09			0	0	0	0	ok	0		0.20	Mesh	-51.6,13.7			-2.24	0	1		
scatter:rock#24	scatter	0	-79.040	8.290	1.050	-79.04	8.29	1.62	1.7	1.5955	0.81	0.85	0.24	0.24			0	0	0	0	ok	0		0.02	Mesh	-79,8.3			-2.65	0	1		
scatter:rock#24	scatter	0	-78.900	7.070	1.040	-78.9	7.07	1.72	1.88	1.5955	0.86	0.94	0.18	0.18			0	0	0	0	ok	0		0.22	Mesh	-79.1,6.9			-2.64	0	1		
scatter:rock#24	scatter	0	-77.810	7.740	1.090	-77.81	7.74	2.16	0.86	1.5955	1.08	0.43	0.66	0.66			0	0	0	0	ok	0		0.14	Mesh	-77.7,7.7			-2.69	0	1		
scatter:rock#24	scatter	0	-78.310	7.620	1.060	-78.31	7.62	1.98	1.3	1.5955	0.99	0.65	0.41	0.41			0	0	0	0	ok	0		0.59	Mesh	-77.8,7.3			-2.66	0	1		
scatter:rock#24	scatter	0	-78.650	7.590	0.870	-78.65	7.59	1.66	1.5	1.5955	0.83	0.75	0.12	0.12			0	0	0	0	ok	0		0.74	Mesh	-79.3,8			-2.47	0	1		
scatter:rock#24	scatter	0	-78.190	9.100	0.670	-78.19	9.1	1.32	0.84	1.5955	0.66	0.42	0.25	0.25			0	0	0	0	ok	0		0.14	Mesh	-78.2,9			-2.27	0	1		
scatter:rock#24	scatter	0	-79.240	9.030	1.200	-79.24	9.03	1.6	1.82	1.5955	0.8	0.91	0.4	0.4			0	0	0	0	ok	0		0.16	Mesh	-79.2,8.9			-2.8	0	1		
scatter:rock#24	scatter	0	-79.710	7.210	1.140	-79.71	7.21	2.06	1.12	1.5955	1.03	0.56	0.58	0.58			0	0	0	0	ok	0		0.05	Mesh	-79.8,7.2			-2.74	0	1		
scatter:rock#24	scatter	0	-78.210	6.540	1.100	-78.21	6.54	1.54	1.98	1.5955	0.77	0.99	0.33	0.33			0	0	0	0	ok	0		0.17	Mesh	-78.1,6.5			-2.7	0	1		
scatter:rock#24	scatter	0	-77.360	7.990	0.970	-77.36	7.99	1.88	0.68	1.5955	0.94	0.34	0.63	0.63			0	0	0	0	ok	0		0.06	Mesh	-77.4,7.9			-2.57	0	1		
scatter:rock#24	scatter	0	-78.040	9.080	0.520	-78.04	9.08	0.88	1.02	1.5955	0.44	0.51	0.08	0.08			0	0	0	0	ok	0		0.06	Mesh	-78,9.1			-2.12	0	1		
scatter:rock#25	scatter	0	-15.750	103.720	0.440	-15.75	103.72	0.76	0.84	-0.1232	0.38	0.42	0.06	0.06			0	0	0	0	ok	0		0.06	Mesh	-15.7,103.7			-2.04	1	1		
scatter:rock#26	scatter	0	-101.370	-11.550	0.600	-101.37	-11.55	1.18	1	1.6583	0.59	0.5	0.1	0.1			0	0	0	0	ok	0		0.05	Mesh	-101.4,-11.5			-2.2	0	1		
scatter:rock#26	scatter	0	-101.610	-11.960	0.630	-101.61	-11.96	0.98	1.06	1.6583	0.49	0.53	0.14	0.14			0	0	0	0	ok	0		0.07	Mesh	-101.7,-12			-2.23	0	1		
scatter:rock#26	scatter	0	-101.430	-11.760	0.620	-101.43	-11.76	1.22	0.62	1.6583	0.61	0.31	0.31	0.31			0	0	0	0	ok	0		0.14	Mesh	-101.3,-11.7			-2.22	0	1		
scatter:rock#26	scatter	0	-101.440	-11.780	0.390	-101.44	-11.78	0.72	0.52	1.6583	0.36	0.26	0.13	0.13			0	0	0	0	ok	0		0.15	Mesh	-101.3,-11.8			-2.198	0	1		
scatter:rock#26	scatter	0	-101.700	-11.860	0.680	-101.7	-11.86	1.26	0.84	1.6583	0.63	0.42	0.26	0.26			0	0	0	0	ok	0		0.04	Mesh	-101.7,-11.9			-2.28	0	1		
scatter:rock#26	scatter	0	-101.610	-11.410	0.690	-101.61	-11.41	1.34	0.86	1.6583	0.67	0.43	0.26	0.26			0	0	0	0	ok	0		0.04	Mesh	-101.6,-11.4			-2.29	0	1		
scatter:rock#27	scatter	0	-85.150	10.010	0.560	-85.15	10.01	0.6	1.12	-3.0443	0.3	0.56	0.26	0.26			0	0	0	0	ok	0		0.04	Mesh	-85.2,10			-2.16	0	1		
scatter:rock#27	scatter	0	-86.450	9.690	0.920	-86.45	9.69	1.84	0.6	-3.0443	0.92	0.3	0.62	0.62			0	0	0	0	ok	0		0.05	Mesh	-86.5,9.6			-2.52	0	1		
scatter:rock#27	scatter	0	-87.270	10.450	0.640	-87.27	10.45	1	1.26	-3.0443	0.5	0.63	0.14	0.14			0	0	0	0	ok	0		0.16	Mesh	-87.4,10.5			-2.24	0	1		
scatter:rock#27	scatter	0	-86.730	9.940	0.830	-86.73	9.94	1.54	0.82	-3.0443	0.77	0.41	0.42	0.42			0	0	0	0	ok	0		0.09	Mesh	-86.8,9.9			-2.43	0	1		
scatter:rock#27	scatter	0	-86.580	10.440	0.730	-86.58	10.44	1.36	1.24	-3.0443	0.68	0.62	0.11	0.11			0	0	0	0	ok	0		0.16	Mesh	-86.6,10.6			-2.33	0	1		
scatter:rock#27	scatter	0	-86.330	10.920	0.660	-86.33	10.92	1.26	0.8	-3.0443	0.63	0.4	0.26	0.26			0	0	0	0	ok	0		0.02	Mesh	-86.3,10.9			-2.26	0	1		
scatter:rock#27	scatter	0	-85.360	10.580	0.530	-85.36	10.58	0.92	0.78	-3.0443	0.46	0.39	0.14	0.14			0	0	0	0	ok	0		0.20	Mesh	-85.5,10.5			-2.13	0	1		
scatter:rock#28	scatter	0	-107.710	13.630	0.360	-107.71	13.63	0.52	0.66	2.9423	0.26	0.33	0.1	0.1			0	0	0	0	ok	0		0.01	Mesh	-107.7,13.6			-1.96	0	1		
scatter:rock#28	scatter	0	-107.420	13.240	0.630	-107.42	13.24	1.26	1.14	2.9423	0.63	0.57	0.06	0.06			0	0	0	0	ok	0		0.13	Mesh	-107.5,13.3			-2.23	0	1		
scatter:rock#28	scatter	0	-107.300	13.290	0.750	-107.3	13.29	1.48	1.34	2.9423	0.74	0.67	0.08	0.08			0	0	0	0	ok	0		0.22	Mesh	-107.5,13.3			-2.35	0	1		
scatter:rock#28	scatter	0	-107.110	13.650	0.800	-107.11	13.65	1.48	0.92	2.9423	0.74	0.46	0.34	0.34			0	0	0	0	ok	0		0.04	Mesh	-107.1,13.7			-2.4	0	1		
scatter:rock#28	scatter	0	-108.120	13.390	0.440	-108.12	13.39	0.72	0.68	2.9423	0.36	0.34	0.1	0.1			0	0	0	0	ok	0		0.10	Mesh	-108,13.3			-2.04	0	1		
scatter:rock#28	scatter	0	-107.810	13.120	0.630	-107.81	13.12	1.04	1.24	2.9423	0.52	0.62	0.11	0.11			0	0	0	0	ok	0		0.17	Mesh	-107.6,13.1			-2.23	0	1		
scatter:rock#29	scatter	0	3.090	-92.820	0.580	3.09	-92.82	1.1	0.72	1.3768	0.55	0.36	0.22	0.22			0	0	0	0	ok	0		0.03	Mesh	3.1,-92.8			-2.18	0	1		
scatter:rock#29	scatter	0	2.230	-92.350	1.070	2.23	-92.35	2.1	0.96	1.3768	1.05	0.48	0.59	0.59			0	0	0	0	ok	0		0.05	Mesh	2.3,-92.3			-2.67	0	1		
scatter:rock#29	scatter	0	2.380	-90.780	0.830	2.38	-90.78	0.96	1.4	1.3768	0.48	0.7	0.35	0.35			0	0	0	0	ok	0		0.17	Mesh	2.2,-90.7			-2.43	0	1		
scatter:rock#29	scatter	0	3.720	-91.060	1.050	3.72	-91.06	1.86	1.1	1.3768	0.93	0.55	0.5	0.5			0	0	0	0	ok	0		0.05	Mesh	3.7,-91.1			-2.65	0	1		
scatter:rock#29	scatter	0	3.890	-91.890	0.740	3.89	-91.89	1.48	0.9	1.3768	0.74	0.45	0.29	0.29			0	0	0	0	ok	0		0.10	Mesh	3.8,-91.9			-2.34	0	1		
scatter:rock#29	scatter	0	2.930	-91.650	0.960	2.93	-91.65	1.68	1.8	1.3768	0.84	0.9	0.12	0.12			0	0	0	0	ok	0		0.19	Mesh	2.8,-91.5			-2.56	0	1		
scatter:rock#29	scatter	0	2.750	-92.320	0.800	2.75	-92.32	1.56	0.8	1.3768	0.78	0.4	0.4	0.4			0	0	0	0	ok	0		0.16	Mesh	2.9,-92.3			-2.4	0	1		
scatter:rock#29	scatter	0	3.480	-92.000	0.780	3.48	-92	1.54	0.94	1.3768	0.77	0.47	0.31	0.31			0	0	0	0	ok	0		0.30	Mesh	3.8,-92			-2.38	0	1		
scatter:rock#29	scatter	0	3.530	-93.050	0.580	3.53	-93.05	0.64	1.04	1.3768	0.32	0.52	0.26	0.26			0	0	0	0	ok	0		0.06	Mesh	3.5,-93			-2.18	0	1		
scatter:rock#29	scatter	0	3.330	-92.670	0.570	3.33	-92.67	1.1	0.94	1.3768	0.55	0.47	0.1	0.1			0	0	0	0	ok	0		0.07	Mesh	3.3,-92.7			-2.17	0	1		
